layer,deadline_owner,may_report_timeout,may_start_when_open,may_start_when_warning,may_start_when_expired,expiry_success_fallback,consistency
SUPERVISOR,YES,YES,YES,ARBITRATION_ONLY,ARBITRATION_ONLY,NONE,CONSISTENT
CBF_SOLVER,NO,YES,WHEN_ADMITTED,NO,NO,NONE,CONSISTENT
L1,NO,YES,WHEN_ADMITTED,NO,NO,NONE,CONSISTENT
L2_H1,NO,YES,WHEN_ADMITTED,NO,NO,NONE,CONSISTENT
L3_BACKUP,NO,YES,WHEN_ADMITTED,NO,NO,NONE,CONSISTENT
L4_ALTERNATIVE,NO,YES,YES,NO,NO,NONE,CONSISTENT
L5_TERMINAL,NO,YES,WHEN_ADMITTED,NO,NO,NONE,CONSISTENT
GEOMETRY_AUTHORITY_V2,NO,NO,N/A,N/A,N/A,NONE,CONSISTENT_IDENTITY_PREREQUISITE
SELECTED_CONTROL_AUTHORITY_V2,NO,NO,N/A,N/A,N/A,NONE,CONSISTENT_COMMIT_PREREQUISITE
