direction,positive_score,risk_penalty,net_score,name
D0,83.2,24.0,68.8,STOP_NEW_METHOD_AND_CONSOLIDATE_EXISTING_EVIDENCE
D7,61.0,68.2,20.08,LEARNED_GAUSSIAN_MAP_NAVIGATION_QUALIFICATION_BENCHMARK
D6,55.8,70.8,13.32,RISK_AWARE_GAUSSIAN_CONSTRAINT_BUDGETING
D3,59.2,78.4,12.16,CONTROL_CONDITIONED_SELECTIVE_FALSE_FREE_QUERY
D2,57.0,76.4,11.16,FAST_CERTIFIED_ANISOTROPIC_GAUSSIAN_SWEPT_QUERY
D8,54.0,80.0,6.0,HYBRID_MAP_TRUST_GATED_SAFETY_CONTROL
D1,53.4,79.2,5.88,CORE_V1_RARE_EVENT_EXECUTABLE_SAFETY
D4,52.8,89.2,-0.72,GAUSSIAN_AWARE_BACKUP_SET
D5,48.8,87.8,-3.88,CERTIFICATE_AWARE_CONTINUOUS_CONTROL_OPTIMIZATION
