b2_committed,candidate_current_gate_evaluated,candidate_current_gate_pass,candidate_set_total_deduplicated,claim_boundary,cohort,current_h,environment,grid7_pre_dedup,outcome,sobol_pre_dedup,state_id
True,0,0,857,Finite pre-registered set only; no continuous control-space conclusion.,C0_METHOD_INDEPENDENT,0.19276165196649558,E1_REPLICA_GT_FINE,343,B2_PRIMARY_COMMITTED_NO_B3_SEARCH_REQUIRED,512,002b6f245470919aaa880323bfdda87cf5e080c8098daa51628f914b81a5ede6
True,0,0,856,Finite pre-registered set only; no continuous control-space conclusion.,C0_METHOD_INDEPENDENT,0.2597212836978313,E1_REPLICA_GT_FINE,343,B2_PRIMARY_COMMITTED_NO_B3_SEARCH_REQUIRED,512,151a1a74a34a8851dacc7ea099d5f017965f7b711052f65f6c97d24e6b7fb8b0
True,0,0,856,Finite pre-registered set only; no continuous control-space conclusion.,C0_METHOD_INDEPENDENT,0.2686789627493553,E1_REPLICA_GT_FINE,343,B2_PRIMARY_COMMITTED_NO_B3_SEARCH_REQUIRED,512,16fe88262694ace7502b8af046b32807208de36081c7b9899ad12e38ab16a196
True,0,0,857,Finite pre-registered set only; no continuous control-space conclusion.,C0_METHOD_INDEPENDENT,0.17514533102301177,E1_REPLICA_GT_FINE,343,B2_PRIMARY_COMMITTED_NO_B3_SEARCH_REQUIRED,512,2211e7fc233d3f44550a3487042a97d8b30645fc3956b09e879d5faa3cb90649
True,0,0,856,Finite pre-registered set only; no continuous control-space conclusion.,C0_METHOD_INDEPENDENT,0.16663861771607572,E1_REPLICA_GT_FINE,343,B2_PRIMARY_COMMITTED_NO_B3_SEARCH_REQUIRED,512,2cc3321a1b80b9ddf1373cbeb1b7aeeeda1d16896d422ab67107ee95ada3d0c6
True,0,0,856,Finite pre-registered set only; no continuous control-space conclusion.,C0_METHOD_INDEPENDENT,0.2877974344800824,E1_REPLICA_GT_FINE,343,B2_PRIMARY_COMMITTED_NO_B3_SEARCH_REQUIRED,512,3f0ae49f67739aa508d7b7891f8200f17489303e36e3b7c1d1ffb62ab00f4eba
True,0,0,856,Finite pre-registered set only; no continuous control-space conclusion.,C0_METHOD_INDEPENDENT,1.5373572382725613,E1_REPLICA_GT_FINE,343,B2_PRIMARY_COMMITTED_NO_B3_SEARCH_REQUIRED,512,4f8493fd890064bef32029677a254723ccba9383aed01981ce69df51b517af7b
True,0,0,856,Finite pre-registered set only; no continuous control-space conclusion.,C0_METHOD_INDEPENDENT,0.045574119495190316,E1_REPLICA_GT_FINE,343,B2_PRIMARY_COMMITTED_NO_B3_SEARCH_REQUIRED,512,5955840c212b4074ad46d065de442f1d835a0cd5be2975bee15ed83cf50eb0d0
True,0,0,856,Finite pre-registered set only; no continuous control-space conclusion.,C0_METHOD_INDEPENDENT,0.13630440148281353,E1_REPLICA_GT_FINE,343,B2_PRIMARY_COMMITTED_NO_B3_SEARCH_REQUIRED,512,638c9b05c8cb67a9f24eaf37d7695722d4e1127a0642c9ba72149bff6dd24bc6
True,0,0,856,Finite pre-registered set only; no continuous control-space conclusion.,C0_METHOD_INDEPENDENT,0.91007301198061,E1_REPLICA_GT_FINE,343,B2_PRIMARY_COMMITTED_NO_B3_SEARCH_REQUIRED,512,81bd8b30708aafa4bc9934effa7973b325db701a2035093a09d36376fa07301f
True,0,0,856,Finite pre-registered set only; no continuous control-space conclusion.,C0_METHOD_INDEPENDENT,0.048970010655481296,E1_REPLICA_GT_FINE,343,B2_PRIMARY_COMMITTED_NO_B3_SEARCH_REQUIRED,512,8e504196defd2c5ea1aec7490652787a66f7aefbb06c6d9fe6871d505c4ca55c
True,0,0,856,Finite pre-registered set only; no continuous control-space conclusion.,C0_METHOD_INDEPENDENT,0.4429947092407792,E1_REPLICA_GT_FINE,343,B2_PRIMARY_COMMITTED_NO_B3_SEARCH_REQUIRED,512,a8f4ae301144c24c65db575a71aa847e1e70670021207cc9b3720481301d602b
True,0,0,856,Finite pre-registered set only; no continuous control-space conclusion.,C0_METHOD_INDEPENDENT,0.045574119495190316,E1_REPLICA_GT_FINE,343,B2_PRIMARY_COMMITTED_NO_B3_SEARCH_REQUIRED,512,bd6f2c0ec4551cc7f126735aa9723fe1eac4bd169699cc3d769304e66d61f373
True,0,0,856,Finite pre-registered set only; no continuous control-space conclusion.,C0_METHOD_INDEPENDENT,0.21625547388612412,E1_REPLICA_GT_FINE,343,B2_PRIMARY_COMMITTED_NO_B3_SEARCH_REQUIRED,512,c6d7f046df0f18347dd70eca0cf02afdecd35da91985a24a737060541ed29dc1
True,0,0,856,Finite pre-registered set only; no continuous control-space conclusion.,C0_METHOD_INDEPENDENT,0.3321723685711354,E1_REPLICA_GT_FINE,343,B2_PRIMARY_COMMITTED_NO_B3_SEARCH_REQUIRED,512,d73848087c18733f887bb72089596f171895084cef467e8b437e68281bc48ce2
True,0,0,856,Finite pre-registered set only; no continuous control-space conclusion.,C0_METHOD_INDEPENDENT,0.05892965945177174,E1_REPLICA_GT_FINE,343,B2_PRIMARY_COMMITTED_NO_B3_SEARCH_REQUIRED,512,e8e29ada3d95a190f9c2b4a8f1e2d8c5758a16280e32bd58c1428e26a1fd590e
False,0,0,859,Finite pre-registered set only; no continuous control-space conclusion.,C0_METHOD_INDEPENDENT,-0.00907058734446764,E5_STONEHENGE_SAFER,343,PRECLUDED_BY_CANDIDATE_INDEPENDENT_NEGATIVE_CURRENT_MAP_H,512,0134302ab41076889b51193a28030c4b4c593c7d49d324db7384fadf8e4292c7
False,0,0,859,Finite pre-registered set only; no continuous control-space conclusion.,C0_METHOD_INDEPENDENT,-0.0066307014785707,E5_STONEHENGE_SAFER,343,PRECLUDED_BY_CANDIDATE_INDEPENDENT_NEGATIVE_CURRENT_MAP_H,512,0d858158bd5fe799ce2a64711e6bab8ab455e20123047c69ef13c8d2f6b13cb4
False,0,0,859,Finite pre-registered set only; no continuous control-space conclusion.,C0_METHOD_INDEPENDENT,-0.009618889540433884,E5_STONEHENGE_SAFER,343,PRECLUDED_BY_CANDIDATE_INDEPENDENT_NEGATIVE_CURRENT_MAP_H,512,24fd31d3054097eae6b1e972550278f895095a40321f77a25cbd7d6770c715bb
False,0,0,859,Finite pre-registered set only; no continuous control-space conclusion.,C0_METHOD_INDEPENDENT,-0.0088348388671875,E5_STONEHENGE_SAFER,343,PRECLUDED_BY_CANDIDATE_INDEPENDENT_NEGATIVE_CURRENT_MAP_H,512,3790da6b1aed9c99b4c67c2d2c4ab37af16c1cc254d4c4be0956d958c295dd6a
False,0,0,859,Finite pre-registered set only; no continuous control-space conclusion.,C0_METHOD_INDEPENDENT,-0.006230030208826065,E5_STONEHENGE_SAFER,343,PRECLUDED_BY_CANDIDATE_INDEPENDENT_NEGATIVE_CURRENT_MAP_H,512,4973ebd65bf5c9a2830199a51b00a460ac220c12e85a32b7bb8c8a218905d204
False,0,0,859,Finite pre-registered set only; no continuous control-space conclusion.,C0_METHOD_INDEPENDENT,-0.010956565849483013,E5_STONEHENGE_SAFER,343,PRECLUDED_BY_CANDIDATE_INDEPENDENT_NEGATIVE_CURRENT_MAP_H,512,5da504b0103fee60d127a07e33fbd66c35003cf0f794b1b85f5f85bdff77a22e
False,0,0,859,Finite pre-registered set only; no continuous control-space conclusion.,C0_METHOD_INDEPENDENT,-0.007224704138934612,E5_STONEHENGE_SAFER,343,PRECLUDED_BY_CANDIDATE_INDEPENDENT_NEGATIVE_CURRENT_MAP_H,512,66b96dd60a486e146063604cbd2437835c0906ae0e45bd5225776373ea397239
False,0,0,859,Finite pre-registered set only; no continuous control-space conclusion.,C0_METHOD_INDEPENDENT,-0.008123615756630898,E5_STONEHENGE_SAFER,343,PRECLUDED_BY_CANDIDATE_INDEPENDENT_NEGATIVE_CURRENT_MAP_H,512,75a53b499543bafed813ae1b2b68707ea89364c9720b58322c9c81e29c4edfc2
False,0,0,859,Finite pre-registered set only; no continuous control-space conclusion.,C0_METHOD_INDEPENDENT,-0.008555061183869839,E5_STONEHENGE_SAFER,343,PRECLUDED_BY_CANDIDATE_INDEPENDENT_NEGATIVE_CURRENT_MAP_H,512,7bf19d5bbfa9b11b25d33a1488c8d741f5c7b42e389d03887b637c5f439a8d61
False,0,0,859,Finite pre-registered set only; no continuous control-space conclusion.,C0_METHOD_INDEPENDENT,-0.009015119634568691,E5_STONEHENGE_SAFER,343,PRECLUDED_BY_CANDIDATE_INDEPENDENT_NEGATIVE_CURRENT_MAP_H,512,92d4018f4207a8e04cfdc88776b8912616bb8285b2bda14b3d04d801509cd29c
False,0,0,859,Finite pre-registered set only; no continuous control-space conclusion.,C0_METHOD_INDEPENDENT,-0.007739786058664322,E5_STONEHENGE_SAFER,343,PRECLUDED_BY_CANDIDATE_INDEPENDENT_NEGATIVE_CURRENT_MAP_H,512,9fde748565a802e20233a4a4cf474ae35598a89615e54e26b3c8a9d8a07bb7f8
False,0,0,859,Finite pre-registered set only; no continuous control-space conclusion.,C0_METHOD_INDEPENDENT,-0.00876232422888279,E5_STONEHENGE_SAFER,343,PRECLUDED_BY_CANDIDATE_INDEPENDENT_NEGATIVE_CURRENT_MAP_H,512,a93d4dc4b77937f7a3422793985a95608837e395e4d2078c2d49cbaac178da17
False,0,0,859,Finite pre-registered set only; no continuous control-space conclusion.,C0_METHOD_INDEPENDENT,-0.009266266599297523,E5_STONEHENGE_SAFER,343,PRECLUDED_BY_CANDIDATE_INDEPENDENT_NEGATIVE_CURRENT_MAP_H,512,b435290d116daca26befc618363be29641516a2b207deb644ad58dcdf8fd6cc5
False,0,0,859,Finite pre-registered set only; no continuous control-space conclusion.,C0_METHOD_INDEPENDENT,-0.0077672977931797504,E5_STONEHENGE_SAFER,343,PRECLUDED_BY_CANDIDATE_INDEPENDENT_NEGATIVE_CURRENT_MAP_H,512,c80c96703f9599fb122064c02fd8701a59be7be43057c365ce2cd8b305134bce
False,0,0,859,Finite pre-registered set only; no continuous control-space conclusion.,C0_METHOD_INDEPENDENT,-0.007213321514427662,E5_STONEHENGE_SAFER,343,PRECLUDED_BY_CANDIDATE_INDEPENDENT_NEGATIVE_CURRENT_MAP_H,512,cfff2de3165cf09c51f00709950dbd6702292c8a11b14670cbce346770123f3b
False,0,0,859,Finite pre-registered set only; no continuous control-space conclusion.,C0_METHOD_INDEPENDENT,-0.006076756864786148,E5_STONEHENGE_SAFER,343,PRECLUDED_BY_CANDIDATE_INDEPENDENT_NEGATIVE_CURRENT_MAP_H,512,efbd89b2a73b40006872adbb2b2fc0650e3ee99cc9409721d515c60200eea070
False,0,0,859,Finite pre-registered set only; no continuous control-space conclusion.,C1_FAILURE_DIAGNOSTIC,-0.00907058734446764,E5_STONEHENGE_SAFER,343,PRECLUDED_BY_CANDIDATE_INDEPENDENT_NEGATIVE_CURRENT_MAP_H,512,0134302ab41076889b51193a28030c4b4c593c7d49d324db7384fadf8e4292c7
False,0,0,859,Finite pre-registered set only; no continuous control-space conclusion.,C1_FAILURE_DIAGNOSTIC,-0.0066307014785707,E5_STONEHENGE_SAFER,343,PRECLUDED_BY_CANDIDATE_INDEPENDENT_NEGATIVE_CURRENT_MAP_H,512,0d858158bd5fe799ce2a64711e6bab8ab455e20123047c69ef13c8d2f6b13cb4
False,0,0,859,Finite pre-registered set only; no continuous control-space conclusion.,C1_FAILURE_DIAGNOSTIC,-0.009618889540433884,E5_STONEHENGE_SAFER,343,PRECLUDED_BY_CANDIDATE_INDEPENDENT_NEGATIVE_CURRENT_MAP_H,512,24fd31d3054097eae6b1e972550278f895095a40321f77a25cbd7d6770c715bb
False,0,0,859,Finite pre-registered set only; no continuous control-space conclusion.,C1_FAILURE_DIAGNOSTIC,-0.0088348388671875,E5_STONEHENGE_SAFER,343,PRECLUDED_BY_CANDIDATE_INDEPENDENT_NEGATIVE_CURRENT_MAP_H,512,3790da6b1aed9c99b4c67c2d2c4ab37af16c1cc254d4c4be0956d958c295dd6a
False,0,0,859,Finite pre-registered set only; no continuous control-space conclusion.,C1_FAILURE_DIAGNOSTIC,-0.006230030208826065,E5_STONEHENGE_SAFER,343,PRECLUDED_BY_CANDIDATE_INDEPENDENT_NEGATIVE_CURRENT_MAP_H,512,4973ebd65bf5c9a2830199a51b00a460ac220c12e85a32b7bb8c8a218905d204
False,0,0,859,Finite pre-registered set only; no continuous control-space conclusion.,C1_FAILURE_DIAGNOSTIC,-0.010956565849483013,E5_STONEHENGE_SAFER,343,PRECLUDED_BY_CANDIDATE_INDEPENDENT_NEGATIVE_CURRENT_MAP_H,512,5da504b0103fee60d127a07e33fbd66c35003cf0f794b1b85f5f85bdff77a22e
False,0,0,859,Finite pre-registered set only; no continuous control-space conclusion.,C1_FAILURE_DIAGNOSTIC,-0.007224704138934612,E5_STONEHENGE_SAFER,343,PRECLUDED_BY_CANDIDATE_INDEPENDENT_NEGATIVE_CURRENT_MAP_H,512,66b96dd60a486e146063604cbd2437835c0906ae0e45bd5225776373ea397239
False,0,0,859,Finite pre-registered set only; no continuous control-space conclusion.,C1_FAILURE_DIAGNOSTIC,-0.008123615756630898,E5_STONEHENGE_SAFER,343,PRECLUDED_BY_CANDIDATE_INDEPENDENT_NEGATIVE_CURRENT_MAP_H,512,75a53b499543bafed813ae1b2b68707ea89364c9720b58322c9c81e29c4edfc2
False,0,0,859,Finite pre-registered set only; no continuous control-space conclusion.,C1_FAILURE_DIAGNOSTIC,-0.008555061183869839,E5_STONEHENGE_SAFER,343,PRECLUDED_BY_CANDIDATE_INDEPENDENT_NEGATIVE_CURRENT_MAP_H,512,7bf19d5bbfa9b11b25d33a1488c8d741f5c7b42e389d03887b637c5f439a8d61
False,0,0,859,Finite pre-registered set only; no continuous control-space conclusion.,C1_FAILURE_DIAGNOSTIC,-0.009015119634568691,E5_STONEHENGE_SAFER,343,PRECLUDED_BY_CANDIDATE_INDEPENDENT_NEGATIVE_CURRENT_MAP_H,512,92d4018f4207a8e04cfdc88776b8912616bb8285b2bda14b3d04d801509cd29c
False,0,0,859,Finite pre-registered set only; no continuous control-space conclusion.,C1_FAILURE_DIAGNOSTIC,-0.007739786058664322,E5_STONEHENGE_SAFER,343,PRECLUDED_BY_CANDIDATE_INDEPENDENT_NEGATIVE_CURRENT_MAP_H,512,9fde748565a802e20233a4a4cf474ae35598a89615e54e26b3c8a9d8a07bb7f8
False,0,0,859,Finite pre-registered set only; no continuous control-space conclusion.,C1_FAILURE_DIAGNOSTIC,-0.00876232422888279,E5_STONEHENGE_SAFER,343,PRECLUDED_BY_CANDIDATE_INDEPENDENT_NEGATIVE_CURRENT_MAP_H,512,a93d4dc4b77937f7a3422793985a95608837e395e4d2078c2d49cbaac178da17
False,0,0,859,Finite pre-registered set only; no continuous control-space conclusion.,C1_FAILURE_DIAGNOSTIC,-0.009266266599297523,E5_STONEHENGE_SAFER,343,PRECLUDED_BY_CANDIDATE_INDEPENDENT_NEGATIVE_CURRENT_MAP_H,512,b435290d116daca26befc618363be29641516a2b207deb644ad58dcdf8fd6cc5
False,0,0,859,Finite pre-registered set only; no continuous control-space conclusion.,C1_FAILURE_DIAGNOSTIC,-0.0077672977931797504,E5_STONEHENGE_SAFER,343,PRECLUDED_BY_CANDIDATE_INDEPENDENT_NEGATIVE_CURRENT_MAP_H,512,c80c96703f9599fb122064c02fd8701a59be7be43057c365ce2cd8b305134bce
False,0,0,859,Finite pre-registered set only; no continuous control-space conclusion.,C1_FAILURE_DIAGNOSTIC,-0.007213321514427662,E5_STONEHENGE_SAFER,343,PRECLUDED_BY_CANDIDATE_INDEPENDENT_NEGATIVE_CURRENT_MAP_H,512,cfff2de3165cf09c51f00709950dbd6702292c8a11b14670cbce346770123f3b
False,0,0,859,Finite pre-registered set only; no continuous control-space conclusion.,C1_FAILURE_DIAGNOSTIC,-0.006076756864786148,E5_STONEHENGE_SAFER,343,PRECLUDED_BY_CANDIDATE_INDEPENDENT_NEGATIVE_CURRENT_MAP_H,512,efbd89b2a73b40006872adbb2b2fc0650e3ee99cc9409721d515c60200eea070
False,0,0,860,Finite pre-registered set only; no continuous control-space conclusion.,C0_METHOD_INDEPENDENT,-0.002876734361052513,E6_FLIGHT_SAFER,343,PRECLUDED_BY_CANDIDATE_INDEPENDENT_NEGATIVE_CURRENT_MAP_H,512,01aeadade59622e7afcd1c10e9715e32030cf02026456c4aed3d403c69efd0b8
True,0,0,860,Finite pre-registered set only; no continuous control-space conclusion.,C0_METHOD_INDEPENDENT,0.007215235382318497,E6_FLIGHT_SAFER,343,B2_PRIMARY_COMMITTED_NO_B3_SEARCH_REQUIRED,512,109361dab8f9d2e7187eaa6d9b480caa32019d3f888db481c19fe6316dd7f7ed
False,0,0,859,Finite pre-registered set only; no continuous control-space conclusion.,C0_METHOD_INDEPENDENT,-0.007797349244356155,E6_FLIGHT_SAFER,343,PRECLUDED_BY_CANDIDATE_INDEPENDENT_NEGATIVE_CURRENT_MAP_H,512,1852257ab75df5333501077e7249e4eacf9e9f7ddd6a045155491720680ebe7b
False,0,0,859,Finite pre-registered set only; no continuous control-space conclusion.,C0_METHOD_INDEPENDENT,-0.010708404704928398,E6_FLIGHT_SAFER,343,PRECLUDED_BY_CANDIDATE_INDEPENDENT_NEGATIVE_CURRENT_MAP_H,512,2a6e0b58bfe92ad72daf3c714eef9573f9da560f21916207dede755ccdd781e6
True,0,0,860,Finite pre-registered set only; no continuous control-space conclusion.,C0_METHOD_INDEPENDENT,0.002699390985071659,E6_FLIGHT_SAFER,343,B2_PRIMARY_COMMITTED_NO_B3_SEARCH_REQUIRED,512,45ab4d11c93de51478bccccd88df14b4b634e960d5333e430fcf6852e61ad46e
False,0,0,859,Finite pre-registered set only; no continuous control-space conclusion.,C0_METHOD_INDEPENDENT,-0.008326662704348564,E6_FLIGHT_SAFER,343,PRECLUDED_BY_CANDIDATE_INDEPENDENT_NEGATIVE_CURRENT_MAP_H,512,5645d90fb9888c047509157d4d7a81c7b95fb1d55cb051e063927ca84a3a1f13
False,0,0,859,Finite pre-registered set only; no continuous control-space conclusion.,C0_METHOD_INDEPENDENT,-0.004212158732116222,E6_FLIGHT_SAFER,343,PRECLUDED_BY_CANDIDATE_INDEPENDENT_NEGATIVE_CURRENT_MAP_H,512,62af2a6f4be5381ebfe775e0b3f3dade5cc3bff17dcb97ffa9a0552425514128
True,0,0,860,Finite pre-registered set only; no continuous control-space conclusion.,C0_METHOD_INDEPENDENT,0.014060283079743385,E6_FLIGHT_SAFER,343,B2_PRIMARY_COMMITTED_NO_B3_SEARCH_REQUIRED,512,688c99491da3a1461595120631679c95973e4f90389253553b0f78894b59c226
True,0,0,860,Finite pre-registered set only; no continuous control-space conclusion.,C0_METHOD_INDEPENDENT,0.006169639527797699,E6_FLIGHT_SAFER,343,B2_PRIMARY_COMMITTED_NO_B3_SEARCH_REQUIRED,512,797ceb3e21e3e52071d0cc03b2aa2a08c7d7b961d6369a87975de8ce8f711d49
False,0,0,859,Finite pre-registered set only; no continuous control-space conclusion.,C0_METHOD_INDEPENDENT,-0.005317717790603638,E6_FLIGHT_SAFER,343,PRECLUDED_BY_CANDIDATE_INDEPENDENT_NEGATIVE_CURRENT_MAP_H,512,8ad08340c293040823b9137b2f05229ad3aee1cc7ad148d08323b9a6382c0891
False,0,0,860,Finite pre-registered set only; no continuous control-space conclusion.,C0_METHOD_INDEPENDENT,-0.003090864047408104,E6_FLIGHT_SAFER,343,PRECLUDED_BY_CANDIDATE_INDEPENDENT_NEGATIVE_CURRENT_MAP_H,512,9dcfe25ff9448359939c88bdc62d5e9e47ba284d5864390b0b69a09cfdecb408
False,0,0,859,Finite pre-registered set only; no continuous control-space conclusion.,C0_METHOD_INDEPENDENT,-0.01083965040743351,E6_FLIGHT_SAFER,343,PRECLUDED_BY_CANDIDATE_INDEPENDENT_NEGATIVE_CURRENT_MAP_H,512,b3127e019d7c55c8b6bd9f34a44a01bfd69f9237d668cd6b7ef9a0905b832630
True,0,0,860,Finite pre-registered set only; no continuous control-space conclusion.,C0_METHOD_INDEPENDENT,0.00184609554708004,E6_FLIGHT_SAFER,343,B2_PRIMARY_COMMITTED_NO_B3_SEARCH_REQUIRED,512,c16bfbe29d69a18fa2272caa0d3a97e7611fb980b404a121be98341597248b48
False,0,0,859,Finite pre-registered set only; no continuous control-space conclusion.,C0_METHOD_INDEPENDENT,-0.008207214064896107,E6_FLIGHT_SAFER,343,PRECLUDED_BY_CANDIDATE_INDEPENDENT_NEGATIVE_CURRENT_MAP_H,512,c7ef8c2e7a399723696be56aa43ba0f632878756eaf236429d217f7a8aa4fcf9
True,0,0,860,Finite pre-registered set only; no continuous control-space conclusion.,C0_METHOD_INDEPENDENT,0.013815619051456451,E6_FLIGHT_SAFER,343,B2_PRIMARY_COMMITTED_NO_B3_SEARCH_REQUIRED,512,d400e0e39986a5dee174d75e6462e0f482212dcf149ab014781361a8e834ddd8
False,0,0,859,Finite pre-registered set only; no continuous control-space conclusion.,C0_METHOD_INDEPENDENT,-0.006404198706150055,E6_FLIGHT_SAFER,343,PRECLUDED_BY_CANDIDATE_INDEPENDENT_NEGATIVE_CURRENT_MAP_H,512,e56b063a6a9c54ae9a445d72c31399d1ddb7aee22441086688954bab3e426260
False,0,0,860,Finite pre-registered set only; no continuous control-space conclusion.,C1_FAILURE_DIAGNOSTIC,-0.002876734361052513,E6_FLIGHT_SAFER,343,PRECLUDED_BY_CANDIDATE_INDEPENDENT_NEGATIVE_CURRENT_MAP_H,512,01aeadade59622e7afcd1c10e9715e32030cf02026456c4aed3d403c69efd0b8
False,0,0,859,Finite pre-registered set only; no continuous control-space conclusion.,C1_FAILURE_DIAGNOSTIC,-0.007481180131435394,E6_FLIGHT_SAFER,343,PRECLUDED_BY_CANDIDATE_INDEPENDENT_NEGATIVE_CURRENT_MAP_H,512,09ef865ed528a671c50c220cb21c300d9a39d74179470423445cafdbdef72da2
False,0,0,860,Finite pre-registered set only; no continuous control-space conclusion.,C1_FAILURE_DIAGNOSTIC,-0.0007030488923192024,E6_FLIGHT_SAFER,343,PRECLUDED_BY_CANDIDATE_INDEPENDENT_NEGATIVE_CURRENT_MAP_H,512,161062cebfee5425da5f7df3b7ccabbe6c31fb5f2c6fc7e0086b29c6fbcb2bef
False,0,0,859,Finite pre-registered set only; no continuous control-space conclusion.,C1_FAILURE_DIAGNOSTIC,-0.010708404704928398,E6_FLIGHT_SAFER,343,PRECLUDED_BY_CANDIDATE_INDEPENDENT_NEGATIVE_CURRENT_MAP_H,512,2a6e0b58bfe92ad72daf3c714eef9573f9da560f21916207dede755ccdd781e6
False,0,0,859,Finite pre-registered set only; no continuous control-space conclusion.,C1_FAILURE_DIAGNOSTIC,-0.00983577873557806,E6_FLIGHT_SAFER,343,PRECLUDED_BY_CANDIDATE_INDEPENDENT_NEGATIVE_CURRENT_MAP_H,512,41a1bd2b4546d99fc1a1a82eb134d29ef3b21ef28fe735d5a248c88397d5de4b
False,0,0,859,Finite pre-registered set only; no continuous control-space conclusion.,C1_FAILURE_DIAGNOSTIC,-0.007618587929755449,E6_FLIGHT_SAFER,343,PRECLUDED_BY_CANDIDATE_INDEPENDENT_NEGATIVE_CURRENT_MAP_H,512,58b7b3f3e38aa197e96b25c9b838a1ca39d6547ad9cf82bba83d46335b5ff975
False,0,0,859,Finite pre-registered set only; no continuous control-space conclusion.,C1_FAILURE_DIAGNOSTIC,-0.009325401857495308,E6_FLIGHT_SAFER,343,PRECLUDED_BY_CANDIDATE_INDEPENDENT_NEGATIVE_CURRENT_MAP_H,512,5fd23181c460874e718610fb5299a5e0b267fa2e07bae8e2b1dabc9adadea0a2
False,0,0,860,Finite pre-registered set only; no continuous control-space conclusion.,C1_FAILURE_DIAGNOSTIC,-0.003926257602870464,E6_FLIGHT_SAFER,343,PRECLUDED_BY_CANDIDATE_INDEPENDENT_NEGATIVE_CURRENT_MAP_H,512,67ee79245098e81cbe45f65923302b855285dc8cee864d18b762061bed98610c
False,0,0,859,Finite pre-registered set only; no continuous control-space conclusion.,C1_FAILURE_DIAGNOSTIC,-0.005299318581819534,E6_FLIGHT_SAFER,343,PRECLUDED_BY_CANDIDATE_INDEPENDENT_NEGATIVE_CURRENT_MAP_H,512,751777678f00f37cb2c1b6b566278d1b3bb2c06b0cc2607db25f9d184af86ae9
False,0,0,859,Finite pre-registered set only; no continuous control-space conclusion.,C1_FAILURE_DIAGNOSTIC,-0.0071422746405005455,E6_FLIGHT_SAFER,343,PRECLUDED_BY_CANDIDATE_INDEPENDENT_NEGATIVE_CURRENT_MAP_H,512,83cdb26b5370d0fcf994402dfd09b252d71c6e23c5beddcae1c03485ecee87a5
False,0,0,859,Finite pre-registered set only; no continuous control-space conclusion.,C1_FAILURE_DIAGNOSTIC,-0.005143243353813887,E6_FLIGHT_SAFER,343,PRECLUDED_BY_CANDIDATE_INDEPENDENT_NEGATIVE_CURRENT_MAP_H,512,9081b76c9e23ab74a973950eb3e79f20158e07fc1845dcfce795381264850155
False,0,0,859,Finite pre-registered set only; no continuous control-space conclusion.,C1_FAILURE_DIAGNOSTIC,-0.008961573243141174,E6_FLIGHT_SAFER,343,PRECLUDED_BY_CANDIDATE_INDEPENDENT_NEGATIVE_CURRENT_MAP_H,512,a2eaf635ad381e9c86d2edf28198c64c39cdde3d12d61b51fc09d905149dbd23
False,0,0,859,Finite pre-registered set only; no continuous control-space conclusion.,C1_FAILURE_DIAGNOSTIC,-0.010789608582854271,E6_FLIGHT_SAFER,343,PRECLUDED_BY_CANDIDATE_INDEPENDENT_NEGATIVE_CURRENT_MAP_H,512,bc558ea37005c8e50769580ad9c083cb5ff7fae8144a37478f765aa643b1314a
False,0,0,860,Finite pre-registered set only; no continuous control-space conclusion.,C1_FAILURE_DIAGNOSTIC,-0.00208420492708683,E6_FLIGHT_SAFER,343,PRECLUDED_BY_CANDIDATE_INDEPENDENT_NEGATIVE_CURRENT_MAP_H,512,c71a3527d2d4a6e6e3d1a7ba856df6c1f1bec7d410daf54614818ab58a8e2171
False,0,0,860,Finite pre-registered set only; no continuous control-space conclusion.,C1_FAILURE_DIAGNOSTIC,-0.0002656495198607445,E6_FLIGHT_SAFER,343,PRECLUDED_BY_CANDIDATE_INDEPENDENT_NEGATIVE_CURRENT_MAP_H,512,cafe714d080d4a38adaea4daaf6482755aaf6b7597026ec673f489a013143ec1
False,0,0,859,Finite pre-registered set only; no continuous control-space conclusion.,C1_FAILURE_DIAGNOSTIC,-0.005495794117450714,E6_FLIGHT_SAFER,343,PRECLUDED_BY_CANDIDATE_INDEPENDENT_NEGATIVE_CURRENT_MAP_H,512,e113f9cef791b38ba00a95660451012d8343d95c7f146f48282fbe86ed51c122
