environment,state_id,cohort,group,immediate_min_distance_m,immediate_swept_collision
E1_REPLICA_GT_FINE,002b6f245470919aaa880323bfdda87cf5e080c8098daa51628f914b81a5ede6,REPRESENTATIVE_HOLDOUT,,0.4753300258534169,False
E1_REPLICA_GT_FINE,02b145999e5475b5f73ab85539be45cdbcecbc2e4ff51edc10178fd1a57cafa2,REPRESENTATIVE_HOLDOUT,,0.41560803425659487,False
E1_REPLICA_GT_FINE,0722f797f394ad578c2f9a6f6dd0e3b791e2bb0d6749d512fb4e6a38af170e7b,REPRESENTATIVE_HOLDOUT,,0.6877435604734716,False
E1_REPLICA_GT_FINE,093f73b9f5eb9fb16c58e8e7316af135c0e14ce15c372404d029b6ab3edab683,REPRESENTATIVE_HOLDOUT,,0.48625858997294513,False
E1_REPLICA_GT_FINE,0a80081e9b4e0e3e951f9eef10620f5e34d9922a52db7850e1c45e9a0d9bee42,REPRESENTATIVE_HOLDOUT,,0.620286200611137,False
E1_REPLICA_GT_FINE,0aa90e8ccad37e81b2195c3905fc747f18f8a522c71c0a833d9de3fd767be83d,REPRESENTATIVE_HOLDOUT,,0.4723833157459409,False
E1_REPLICA_GT_FINE,0b121c60bd31b77c8f5575eed58adc1e7a55ae858050bc9c9fc9b9092c4cf0b7,REPRESENTATIVE_HOLDOUT,,0.38160434411349137,False
E1_REPLICA_GT_FINE,0de405729582eada3fa4a67b8dd7c0875a9d081e2d784efb7c5911dc17987035,REPRESENTATIVE_HOLDOUT,,0.5501842761035138,False
E1_REPLICA_GT_FINE,0fa0f752868922b62e138a9eb25a2f6a37be9f274c001aca0097a1b03104fffa,REPRESENTATIVE_HOLDOUT,,0.5100347016843638,False
E1_REPLICA_GT_FINE,12582840ae60f713f54a96de02be975353cdfd7834eb8cd93d4f79ba458c5aa3,REPRESENTATIVE_HOLDOUT,,0.38882716261568523,False
E1_REPLICA_GT_FINE,151a1a74a34a8851dacc7ea099d5f017965f7b711052f65f6c97d24e6b7fb8b0,REPRESENTATIVE_HOLDOUT,,0.5456779970358058,False
E1_REPLICA_GT_FINE,16fe88262694ace7502b8af046b32807208de36081c7b9899ad12e38ab16a196,REPRESENTATIVE_HOLDOUT,,0.5503168034847429,False
E1_REPLICA_GT_FINE,18437ce3de5c711fae787001a565271d8ecfeeca74866ca2d0b6528537d04b1a,REPRESENTATIVE_HOLDOUT,,0.37274710271771794,False
E1_REPLICA_GT_FINE,18dedde110ff0022e2bbafe7e5de5fd783c0177fca853e229ad9b409122e5feb,REPRESENTATIVE_HOLDOUT,,0.41809315598028424,False
E1_REPLICA_GT_FINE,1ab9bff8b0aedb780f43ffc4b307d88a410cad36aa000e68784a86e995618db8,REPRESENTATIVE_HOLDOUT,,0.620286200611137,False
E1_REPLICA_GT_FINE,1b47d079ce1fdb039c02ee650d45faf683d1f0c02d701e68e9ce04f3f02032b4,REPRESENTATIVE_HOLDOUT,,0.4338423140832032,False
E1_REPLICA_GT_FINE,1c0b9b0faf9393a40d91912a7ecd9116c9d392161ea9fbf6bdf3ae85e0a4a305,REPRESENTATIVE_HOLDOUT,,0.6052278481613278,False
E1_REPLICA_GT_FINE,1cb740911c602d0d9f80ff7185098eb639040f83b9c62124196e3a616f6c0daa,REPRESENTATIVE_HOLDOUT,,0.17890097714916253,False
E1_REPLICA_GT_FINE,1e3a8db5cf56d8657520e12aa8a311440dd3d323f43e579c810f2f48f60b1f71,REPRESENTATIVE_HOLDOUT,,0.23222442990526657,False
E1_REPLICA_GT_FINE,1f0c533c1236c8c97be6c7a76973ba2546749a4ca9297e8e5b7ffb80d7f1bc84,REPRESENTATIVE_HOLDOUT,,0.7149503733668018,False
E1_REPLICA_GT_FINE,1f5ecb8605c1df18e88b1c245ab84bafd839d6122148ab528c2b7deab1dc9b6b,REPRESENTATIVE_HOLDOUT,,0.5855965207431605,False
E1_REPLICA_GT_FINE,1f9cbbe192ea4ef9acc65f459259fd452230124102140cbb868bbdd6fae03712,REPRESENTATIVE_HOLDOUT,,0.7310132574249625,False
E1_REPLICA_GT_FINE,204bf2b567d88f8e931cfe6bec4e7c00686259e0c3ee261eba2d37598286a280,REPRESENTATIVE_HOLDOUT,,0.5117674645357079,False
E1_REPLICA_GT_FINE,21762d6d6a7f8ee822b1fc7c0ab62680934b41ce005493f9d92edff6e349ce03,REPRESENTATIVE_HOLDOUT,,0.49558470945343774,False
E1_REPLICA_GT_FINE,2211e7fc233d3f44550a3487042a97d8b30645fc3956b09e879d5faa3cb90649,REPRESENTATIVE_HOLDOUT,,0.4546590268549763,False
E1_REPLICA_GT_FINE,22729b41d07f36ef7c2897a21d8d89d3c7b2abb21f5249b5a721a1dfce0f7e0a,REPRESENTATIVE_HOLDOUT,,0.1815626508251342,False
E1_REPLICA_GT_FINE,22a6fc41ce4db8d437f1cfbb962471b280dc2d651916775c2250a645c8546915,REPRESENTATIVE_HOLDOUT,,0.1666598450246401,False
E1_REPLICA_GT_FINE,235e1bb5094b3e24617a36b9db8b226891327b847618ba7632b3dfe1e67ead91,REPRESENTATIVE_HOLDOUT,,0.5506341622531978,False
E1_REPLICA_GT_FINE,241d4b8b592a08407d1f663e2e0439e35140b1b8356e32ca03083b8da5f7e9bb,REPRESENTATIVE_HOLDOUT,,0.5072046364367186,False
E1_REPLICA_GT_FINE,274a5a83db528364efc054111e3a2be386dd22d2d5d7303088c67a50d6b04b8f,REPRESENTATIVE_HOLDOUT,,0.3481335213097326,False
E1_REPLICA_GT_FINE,274cfe4d06a4bba970b364b3ced72c1758f65f383a4ff23eecf36593964775dd,REPRESENTATIVE_HOLDOUT,,1.0974698853629425,False
E1_REPLICA_GT_FINE,284cffa5c7386cbcb13718924fef577ac22e98e0a3cc1d74a6c3f333d125aca5,REPRESENTATIVE_HOLDOUT,,0.5341666274716697,False
E1_REPLICA_GT_FINE,29702195a427c3d65a779f114fa21f600b79230903124132242ea0e0ff96c145,REPRESENTATIVE_HOLDOUT,,0.561447668146366,False
E1_REPLICA_GT_FINE,2a7752537df742a3101b8637ff7674291cb37d0327b12780632a5498d04aaaa2,REPRESENTATIVE_HOLDOUT,,0.25374647585528426,False
E1_REPLICA_GT_FINE,2aa83be94e2eec221dc8350049349c668020f0343eef7270ad6cec9eb0355b9d,REPRESENTATIVE_HOLDOUT,,0.7402639099720892,False
E1_REPLICA_GT_FINE,2cc3321a1b80b9ddf1373cbeb1b7aeeeda1d16896d422ab67107ee95ada3d0c6,REPRESENTATIVE_HOLDOUT,,0.4488298399503463,False
E1_REPLICA_GT_FINE,2d377b75bfb770dbd1e51a6df68421d4d7258c6b3a17c7c0674ad0b108631129,REPRESENTATIVE_HOLDOUT,,0.7962713804967696,False
E1_REPLICA_GT_FINE,2f4ac4a2d90f2e482e616dc56028afc4d0e33bc32bd1b294ee61be67c9b5470b,REPRESENTATIVE_HOLDOUT,,0.32770991027685886,False
E1_REPLICA_GT_FINE,335f65bf9144071002dc3f1013ea047f3d60ee67790941294ebc8fe671ab8410,REPRESENTATIVE_HOLDOUT,,1.4442938231276334,False
E1_REPLICA_GT_FINE,33fb1aa673c9e34836e4fa921353c35316f525bc61d20a670c981bfc6c512c77,REPRESENTATIVE_HOLDOUT,,0.6430114558131453,False
E1_REPLICA_GT_FINE,360514be785617468ec5f627d1ee4169ca692bfb93ef970672b784a7d3800be1,REPRESENTATIVE_HOLDOUT,,0.5534555163870591,False
E1_REPLICA_GT_FINE,3836c97635fd76445ce91a4f0f6b0675cc79bebdded4c011eb13febf75e48b89,REPRESENTATIVE_HOLDOUT,,0.42481955942897365,False
E1_REPLICA_GT_FINE,384f698221bfd95abf7809647f9af059593692e01323c99be12688aa8a7369f7,REPRESENTATIVE_HOLDOUT,,0.5133658337078257,False
E1_REPLICA_GT_FINE,3897a95d3397d8f814095b3e53a31ba2896de2f87d8f9bc5c88bc5b8fdbc8f86,REPRESENTATIVE_HOLDOUT,,0.3347711633152122,False
E1_REPLICA_GT_FINE,3a00121189d4237a83cc0b825ec3fedae43705d0b0fc620e0f5b4df73d3a2742,REPRESENTATIVE_HOLDOUT,,0.48964256492148006,False
E1_REPLICA_GT_FINE,3a070c6e900eab3adcf9eedd1f543aa20f9be30d28c7ef938a1808ef98cadcd3,REPRESENTATIVE_HOLDOUT,,0.7187654104655103,False
E1_REPLICA_GT_FINE,3bc29522101f21d9eb27c4ef0870ea39eb11002cd4da0cbfafd8a38c2fd35fc8,REPRESENTATIVE_HOLDOUT,,0.34921120609836304,False
E1_REPLICA_GT_FINE,3cfeae91ed6572004e76d6fba726a35a3d6a8d48d5e131e809993e781fd277d2,REPRESENTATIVE_HOLDOUT,,0.44309187199390515,False
E1_REPLICA_GT_FINE,3f0ae49f67739aa508d7b7891f8200f17489303e36e3b7c1d1ffb62ab00f4eba,REPRESENTATIVE_HOLDOUT,,0.5744225350631951,False
E1_REPLICA_GT_FINE,404e9b51e12d42dec15caa60d2944c759ab091696e5cbd240fbd1b243a0f23a4,REPRESENTATIVE_HOLDOUT,,1.613428141689733,False
E1_REPLICA_GT_FINE,42943f603fd47daaed71c6e166d227c4ac377b64eedf9c8d8b8a7efe6190ef68,REPRESENTATIVE_HOLDOUT,,0.29054425709284865,False
E1_REPLICA_GT_FINE,4694bc0fd3a181d43e8c59b70fa5deb320ff3149609d2f0d8311e53f55524087,REPRESENTATIVE_HOLDOUT,,0.30444504209855816,False
E1_REPLICA_GT_FINE,47f0d8ed5c98e5cea69960c1b30c6b805296461e7fefa41c3076864bee586811,REPRESENTATIVE_HOLDOUT,,1.1537150845767998,False
E1_REPLICA_GT_FINE,4968625f8301a7ef3715d6f4012b6d33fd7bb683a2bc2578f313758d161b2dfc,REPRESENTATIVE_HOLDOUT,,0.37274710271771794,False
E1_REPLICA_GT_FINE,4a968f7dcc3e71b95ea76a55192207200b337eeb266a25462313c3ff6480c6de,REPRESENTATIVE_HOLDOUT,,0.4881940809108006,False
E1_REPLICA_GT_FINE,4b44ab7beec09f1b6a0aff7840602db3f3f9d73069041b72969a90ad68611fc9,REPRESENTATIVE_HOLDOUT,,0.32675129740136233,False
E1_REPLICA_GT_FINE,4c2be3320444871cbcf00b92e0fb3794473e4e7a631f60dfff9465b99f5e9713,REPRESENTATIVE_HOLDOUT,,0.4912221536426002,False
E1_REPLICA_GT_FINE,4c41478b3e9caa74ffcf553fadb10fa68354176bb1fcacf585d52e5711ac1f85,REPRESENTATIVE_HOLDOUT,,0.5015897176392197,False
E1_REPLICA_GT_FINE,4f4a6a5b04b729af1e44ecb497e8ea16bdb3041fc7a8503783fc23d38f201709,REPRESENTATIVE_HOLDOUT,,0.3255137292972823,False
E1_REPLICA_GT_FINE,4f8493fd890064bef32029677a254723ccba9383aed01981ce69df51b517af7b,REPRESENTATIVE_HOLDOUT,,1.2725882891634566,False
E1_REPLICA_GT_FINE,50ce4559a50824bcadf22821b09817828f463d54ece9b16aaf9efa4994601f5d,REPRESENTATIVE_HOLDOUT,,0.21479914485083754,False
E1_REPLICA_GT_FINE,5110700a12f95f83c0f24d90602ab082baf6e173da9057e0db77cc11520be466,REPRESENTATIVE_HOLDOUT,,0.47208171189283227,False
E1_REPLICA_GT_FINE,5219b56e1e79adce342af442e4e7a5693f889d9991e47685bf9c9faa4454ccfb,REPRESENTATIVE_HOLDOUT,,0.18173771501655317,False
E1_REPLICA_GT_FINE,535eefa47566f65f0636b29eff2b662375408e555381e27cd6ca5a38251412f2,REPRESENTATIVE_HOLDOUT,,0.49887771526629543,False
E1_REPLICA_GT_FINE,5762860bef840504acefb56765f6bd7c8fb9d747c47fac0cd70de13aef864464,REPRESENTATIVE_HOLDOUT,,0.5760707514937379,False
E1_REPLICA_GT_FINE,5955840c212b4074ad46d065de442f1d835a0cd5be2975bee15ed83cf50eb0d0,REPRESENTATIVE_HOLDOUT,,0.26359585986594275,False
E1_REPLICA_GT_FINE,5a458c889e9d40d98b421cd4b08dac9b9c062d421015930e2a72016a66d311c9,REPRESENTATIVE_HOLDOUT,,0.5011020235115927,False
E1_REPLICA_GT_FINE,5aed8f1b0f82a40e77ab8f41bc83e06dde14f92d201c13930e879ab07102c28c,REPRESENTATIVE_HOLDOUT,,0.2461627248381756,False
E1_REPLICA_GT_FINE,5baaf5a73c3b984563b7592dd57b5f940e5f4924f53695780ae5439abd53df08,REPRESENTATIVE_HOLDOUT,,0.177352267731563,False
E1_REPLICA_GT_FINE,5c56537b879c342ad41dab6c2dc65d895e2cf9d9dbd2bf29d824a0ee182230b0,REPRESENTATIVE_HOLDOUT,,0.44007135981869855,False
E1_REPLICA_GT_FINE,5c878ecdda7b012dd24e54485b144f94e11c39db316a9d4d0e26143328a740bd,REPRESENTATIVE_HOLDOUT,,0.5837553403038263,False
E1_REPLICA_GT_FINE,60607231e268a66923b08bc18e21f9f0b92bc304ef4b0fbab956fcbd7a29f8ce,REPRESENTATIVE_HOLDOUT,,0.5515118947475791,False
E1_REPLICA_GT_FINE,60de3754fe99ad2f0c31d03c6b4cc57fac8271539b2aeb0b3800386855b65316,REPRESENTATIVE_HOLDOUT,,0.4910128030036307,False
E1_REPLICA_GT_FINE,60edb15eac223899d8fb646483b0681cded2f432cd0971f36adeabbc60dbeebd,REPRESENTATIVE_HOLDOUT,,0.7197304736452005,False
E1_REPLICA_GT_FINE,638c9b05c8cb67a9f24eaf37d7695722d4e1127a0642c9ba72149bff6dd24bc6,REPRESENTATIVE_HOLDOUT,,0.4148091547470536,False
E1_REPLICA_GT_FINE,64b4963271f6a989f3d3206d05cd8abe55b3556b39ca9d82425aff9d781b55e6,REPRESENTATIVE_HOLDOUT,,0.43971935551258623,False
E1_REPLICA_GT_FINE,64fdfa10687ac4d7c596a8b9e6b47f14488049f0dbaef5ca38788596ae485e84,REPRESENTATIVE_HOLDOUT,,0.41889676576743856,False
E1_REPLICA_GT_FINE,65b0231a2034e83f6481eb28084cf52acaff3f3f7d3ac06186c577fa0144c67c,REPRESENTATIVE_HOLDOUT,,0.3413860722208002,False
E1_REPLICA_GT_FINE,6744df98e967559ee47ca4363ff88ff22f355dceb39ca6bd10b666aa66c16d86,REPRESENTATIVE_HOLDOUT,,0.4957286436792605,False
E1_REPLICA_GT_FINE,698fb32b7adeab8475d7f2fd439e4a45fd4ecae17975c41d70bc092ef46f6a6f,REPRESENTATIVE_HOLDOUT,,0.3073395506816036,False
E1_REPLICA_GT_FINE,6b3fd059ec979411b2865df21ceb893657cdd43d62abb65642a44f09ff0906eb,REPRESENTATIVE_HOLDOUT,,0.8270060366313431,False
E1_REPLICA_GT_FINE,6e12f66332b7dea58c36ca96dab7fa3c9fa51c7308be51c262b0d8af7e1bc1ca,REPRESENTATIVE_HOLDOUT,,0.6215746450282459,False
E1_REPLICA_GT_FINE,6f3667e0d18e4e0699456e2118b78c4efb5674a79d3c988580c3826416b2c5d2,REPRESENTATIVE_HOLDOUT,,0.4899371802722335,False
E1_REPLICA_GT_FINE,755381ed6670f7e512b6c62c246b8068ea08eca9273a2c5d83e137db9395da5d,REPRESENTATIVE_HOLDOUT,,0.4174338363537454,False
E1_REPLICA_GT_FINE,772d20f6978d45c31f53f9f6b62e09c3b086ea2cbdc957d938b2aef52746854b,REPRESENTATIVE_HOLDOUT,,0.25038314983416793,False
E1_REPLICA_GT_FINE,788b4d57f92623c65b14341200992ffaef996177a43ef2913ecd32eb3c62f8e6,REPRESENTATIVE_HOLDOUT,,0.4942948921541288,False
E1_REPLICA_GT_FINE,7de36db92b65e8b5a55842fe785c077c2dcc36bc063b6c78a4d3e8e3b97295a7,REPRESENTATIVE_HOLDOUT,,1.3820336028941305,False
E1_REPLICA_GT_FINE,81bd8b30708aafa4bc9934effa7973b325db701a2035093a09d36376fa07301f,REPRESENTATIVE_HOLDOUT,,0.9836889607753178,False
E1_REPLICA_GT_FINE,84021e8bbe632e99563456bdc99a262f1b67a19baf2c0351be31740d5d1d9672,REPRESENTATIVE_HOLDOUT,,0.66975873309368,False
E1_REPLICA_GT_FINE,84a0a576fc67cde3ffe6200ac6a834baf6997ae0a4aedddc478e735065956ec4,REPRESENTATIVE_HOLDOUT,,0.41324350372758134,False
E1_REPLICA_GT_FINE,84da14cbb6a85f57891e737098cd6bbaa527730c78df060706962b92f2e41077,REPRESENTATIVE_HOLDOUT,,0.403102842739035,False
E1_REPLICA_GT_FINE,86eefb69d0150d1c44331941c164e72984e4ec120cc98752b31c9366d71461c7,REPRESENTATIVE_HOLDOUT,,0.46698611084924907,False
E1_REPLICA_GT_FINE,87bd0b6a1b0a63bc11ad1030f9b2234c654101ded7bc5e69e15037304e805218,REPRESENTATIVE_HOLDOUT,,0.30803738008069875,False
E1_REPLICA_GT_FINE,88087befaa968419af5898ae1e9756dcc729c5bf8bcc2111dab2d9440d699bdf,REPRESENTATIVE_HOLDOUT,,0.2850080499946721,False
E1_REPLICA_GT_FINE,8b78e6cdf5bcaf0a606078743c6a1617245b8dda376be2c9b360456d7aa5c150,REPRESENTATIVE_HOLDOUT,,0.5961689089409956,False
E1_REPLICA_GT_FINE,8cc12b133e65bd951a13af6caf997eb0b7f67c04bad5ded6097777f7f8435a4f,REPRESENTATIVE_HOLDOUT,,0.705261697252236,False
E1_REPLICA_GT_FINE,8ce653829b112a02c4a96a9006348675cb389dc74c3e7f383926ce153620b0e2,REPRESENTATIVE_HOLDOUT,,1.1542896729500043,False
E1_REPLICA_GT_FINE,8e504196defd2c5ea1aec7490652787a66f7aefbb06c6d9fe6871d505c4ca55c,REPRESENTATIVE_HOLDOUT,,0.26961597639716356,False
E1_REPLICA_GT_FINE,93362caa2883f77e4fca88ba1ae09af837a1445d92f6739edfaab6c44259cbe4,REPRESENTATIVE_HOLDOUT,,0.4719358039584791,False
E1_REPLICA_GT_FINE,9bf128bb6bcad00e343981de7391b5d60e6d4d6ff29a8a07617a76803ac99282,REPRESENTATIVE_HOLDOUT,,0.2914761475543614,False
E1_REPLICA_GT_FINE,9c75d9c390ceba06164709eb47179480623514a41935f545bf2cf3693a6d5112,REPRESENTATIVE_HOLDOUT,,0.6636437682796887,False
E1_REPLICA_GT_FINE,9e3be875581b0cfffa451e9283682b85d00672662d29e6d4707adcc6449d1fc1,REPRESENTATIVE_HOLDOUT,,0.5515118947475791,False
E1_REPLICA_GT_FINE,9fb2c4c8330aecc71d499269313b5a9886a43e4b62c7ad3cb26e84322c8a97e3,REPRESENTATIVE_HOLDOUT,,0.5943374240691413,False
E1_REPLICA_GT_FINE,a0537d3c50a7cd859dfb5711004012012b1630d10d5d4032f4c5aef8d2ba0239,REPRESENTATIVE_HOLDOUT,,0.5266762156875855,False
E1_REPLICA_GT_FINE,a223d3c31fad3fbe0154e09e44360b1193f1b1ec4d2d46e99a593c30d1b6b66a,REPRESENTATIVE_HOLDOUT,,0.18130677721585273,False
E1_REPLICA_GT_FINE,a25e5434f9cc60deb536be62f58fb898e6c5c814e86c9329c885a7f116ec00d8,REPRESENTATIVE_HOLDOUT,,0.7186127662718099,False
E1_REPLICA_GT_FINE,a29b5142439a6a9c0031fb2046ed014f9e6b71e43e7e7841debd1e277eb33a44,REPRESENTATIVE_HOLDOUT,,0.434342960829313,False
E1_REPLICA_GT_FINE,a7df3b5438dff60930c714bb4b54a2d5b4de76774b4d21b858efb7fb7c1840c5,REPRESENTATIVE_HOLDOUT,,0.6901156753233036,False
E1_REPLICA_GT_FINE,a8f4ae301144c24c65db575a71aa847e1e70670021207cc9b3720481301d602b,REPRESENTATIVE_HOLDOUT,,0.705261697252236,False
E1_REPLICA_GT_FINE,abb01918f27dc023b7a28af6d95986ee4014bb2166a89ace8c76ef306bf7964a,REPRESENTATIVE_HOLDOUT,,0.6745996453909378,False
E1_REPLICA_GT_FINE,abd2dd5f61daff9a7a786908c2aea7645fb32a9474d2ac7dd43bca7fea3aff43,REPRESENTATIVE_HOLDOUT,,0.73668720812381,False
E1_REPLICA_GT_FINE,ac57bc099a807f2f1acc12331311123894f546438bb2822e2072f27d20cab25a,REPRESENTATIVE_HOLDOUT,,0.614879586653713,False
E1_REPLICA_GT_FINE,afe0ef7d1ac06219da358be8ce40832ddc931778fcf66bb884a2bdcc312603f9,REPRESENTATIVE_HOLDOUT,,0.531546725833606,False
E1_REPLICA_GT_FINE,b35b8f0ea0ab24934edc4ae336151b86e19c831e24c8c690dd60d59905a4f6fc,REPRESENTATIVE_HOLDOUT,,0.7197304736452005,False
E1_REPLICA_GT_FINE,b5c07aab369263b942a7fd708fa7f61bc5052c3d1c249418425bec259955a627,REPRESENTATIVE_HOLDOUT,,1.6847882168248978,False
E1_REPLICA_GT_FINE,b8adff73d1d975a974057fab49759c0f2e5dfba0be635b2826e5385378d6c4be,REPRESENTATIVE_HOLDOUT,,0.490349586618914,False
E1_REPLICA_GT_FINE,babb47d8bf135ffa9d3970cc87219bc9369d6bf1176f228325068e40b6803e0a,REPRESENTATIVE_HOLDOUT,,0.4520535750167391,False
E1_REPLICA_GT_FINE,bcdeba7946824f4dcea8aa5ff3ad313f830ff5d897e569db9e8fdcbd957d39f1,REPRESENTATIVE_HOLDOUT,,0.5700367565866603,False
E1_REPLICA_GT_FINE,bd6f2c0ec4551cc7f126735aa9723fe1eac4bd169699cc3d769304e66d61f373,REPRESENTATIVE_HOLDOUT,,0.26359585986594275,False
E1_REPLICA_GT_FINE,bda1efb81730b5280acba71d8090dbf8797e230d25fdc73f05c23404efff4270,REPRESENTATIVE_HOLDOUT,,0.2503753884918698,False
E1_REPLICA_GT_FINE,c297a9ed23a4245b1f69f465fccb53bd72dfcf384f49b1f2b3b18832cefc43bb,REPRESENTATIVE_HOLDOUT,,0.22160364989923223,False
E1_REPLICA_GT_FINE,c56fb664bfb2e9bffdafc07c17a2e9e2099527cc997ade9e7cee6b8f9b7cbb29,REPRESENTATIVE_HOLDOUT,,0.771314887297591,False
E1_REPLICA_GT_FINE,c6d7f046df0f18347dd70eca0cf02afdecd35da91985a24a737060541ed29dc1,REPRESENTATIVE_HOLDOUT,,0.4903056299268567,False
E1_REPLICA_GT_FINE,c765eedfba4dedbd65fed56528c1767e8f1ae7562e7e570e5c55655a2747e762,REPRESENTATIVE_HOLDOUT,,0.5456779970358058,False
E1_REPLICA_GT_FINE,c7c9eb787ea117a8872c6e719c1635de692966c7171ff9df4151ef38c745d4b1,REPRESENTATIVE_HOLDOUT,,0.6052278481613278,False
E1_REPLICA_GT_FINE,c8776589f78f38c3118be749cd68401cb4677ecc1aaf3a8484fedfa59dbfc4b5,REPRESENTATIVE_HOLDOUT,,0.48664472725657065,False
E1_REPLICA_GT_FINE,cb694b71989c990c7dea284e0cbf914302dd80f760fdc1afd4db4d79483cef02,REPRESENTATIVE_HOLDOUT,,0.34376341424581236,False
E1_REPLICA_GT_FINE,cb84994047b97c5afb96e6256fcb1966c4b69c3e9cca26ef2417bbb90bf42f38,REPRESENTATIVE_HOLDOUT,,0.3413860722208002,False
E1_REPLICA_GT_FINE,cc2b4eefcbfcc32163ead1ba19732dafef119b9982095c2e83244d1d392356be,REPRESENTATIVE_HOLDOUT,,0.6174644747097626,False
E1_REPLICA_GT_FINE,cd2289a1bf6a81154f65308750f3473e98d69709f48ef8f4055ab136c4a47b71,REPRESENTATIVE_HOLDOUT,,0.42300819668236106,False
E1_REPLICA_GT_FINE,cf99fcdb02a28a816a9aa8ba88a2976f96d10b5ebd3278230ef761ec9cd80c12,REPRESENTATIVE_HOLDOUT,,0.9800923651958148,False
E1_REPLICA_GT_FINE,d16700419d954ff77322ffc54097507ff24f92a2150fca11642652d73ca42754,REPRESENTATIVE_HOLDOUT,,0.5515118947475791,False
E1_REPLICA_GT_FINE,d35a07742088056db84cbe1e766a4d3d8e26bef108b6afbc4eb461a6149610b0,REPRESENTATIVE_HOLDOUT,,0.7195831527588576,False
E1_REPLICA_GT_FINE,d423f84053e20a28fa28c02c0695c9e21cb9084349ded01aed00059190333d24,REPRESENTATIVE_HOLDOUT,,0.22148070203971876,False
E1_REPLICA_GT_FINE,d550974b781b5cdc5f25d9fc93263bc36a05e7d08824bac463bbd6f23e6b9bb4,REPRESENTATIVE_HOLDOUT,,0.6354162184898259,False
E1_REPLICA_GT_FINE,d736b3fe7b42f6af6f898bf96b10e412d5ea677e294baf80a3a1968beb99368d,REPRESENTATIVE_HOLDOUT,,0.33625969965658564,False
E1_REPLICA_GT_FINE,d73848087c18733f887bb72089596f171895084cef467e8b437e68281bc48ce2,REPRESENTATIVE_HOLDOUT,,0.6109291427910888,False
E1_REPLICA_GT_FINE,d963e34c7b4e4923d9770f9181d9d7edae82ba5f07f55e0dc9ea086a1add7bda,REPRESENTATIVE_HOLDOUT,,0.47516852500698253,False
E1_REPLICA_GT_FINE,dbb13c701a3135469d7b7dcaff5ca0c1e80c3c5c76b5e4c74567428e1626ab16,REPRESENTATIVE_HOLDOUT,,0.432200314855134,False
E1_REPLICA_GT_FINE,dd266b4f4e93d7245832e12ca7150e1b277406aafdec54b9a5e12bc26713d146,REPRESENTATIVE_HOLDOUT,,0.33632869424858824,False
E1_REPLICA_GT_FINE,dd90183f6c86b99b2413bc0d1313ad6ee865eb8b34c1cd1ff700a9e25e36a33f,REPRESENTATIVE_HOLDOUT,,1.270382299989582,False
E1_REPLICA_GT_FINE,e00c9a68fd389e3f58e1d442afa9acbd1e5596e22a6a1fb4f2b80d836acdb081,REPRESENTATIVE_HOLDOUT,,0.6026436928473019,False
E1_REPLICA_GT_FINE,e1f1e32b39b7cc4bdf0ac52b9310925259f283a2f428b6cfc307573e88912498,REPRESENTATIVE_HOLDOUT,,0.3857944869380328,False
E1_REPLICA_GT_FINE,e2e599a26797533489645a555110a5e793f989c950ee1e5eff1e6b11d6ea5dc8,REPRESENTATIVE_HOLDOUT,,0.18856127651321297,False
E1_REPLICA_GT_FINE,e48fe8cf558e8c0cdd9a0f08c28bf0bf1f6f3e72719c35a127976351e704f2ef,REPRESENTATIVE_HOLDOUT,,0.35285014266288234,False
E1_REPLICA_GT_FINE,e5d76d0be3ceef59610d9b6b2a5da34fe2d724b95e8484721b2797b2b458c7e3,REPRESENTATIVE_HOLDOUT,,0.576133481186593,False
E1_REPLICA_GT_FINE,e647b36323404f8ae0b3dd9d2148f1e3ad14a1e11bc37f5e652d0a4425b4b4ad,REPRESENTATIVE_HOLDOUT,,0.27145751575924837,False
E1_REPLICA_GT_FINE,e694a787437be0c0d9680d4cb549412123d35e2072ea84885321e5db3bc061e1,REPRESENTATIVE_HOLDOUT,,1.2720367872443898,False
E1_REPLICA_GT_FINE,e8e29ada3d95a190f9c2b4a8f1e2d8c5758a16280e32bd58c1428e26a1fd590e,REPRESENTATIVE_HOLDOUT,,0.29285103502218096,False
E1_REPLICA_GT_FINE,ea1db817fdad70be222a63d4ee790f7e983c9d9c1c357da1eb7ae0d6b1d5bc48,REPRESENTATIVE_HOLDOUT,,1.578520570863253,False
E1_REPLICA_GT_FINE,eddc6828734721b6989455f10a436ca2dcfea4b2bf577d061969ba10140feedd,REPRESENTATIVE_HOLDOUT,,0.4881940809108006,False
E1_REPLICA_GT_FINE,f1c38273b769e72dc0d931f077a68b1b7253969b3ef21e3768785566392b1f0d,REPRESENTATIVE_HOLDOUT,,0.41560803425659487,False
E1_REPLICA_GT_FINE,f2816e6e2705d3bf752c79e7370a806683936b55e09247da1dce47132fefcb7c,REPRESENTATIVE_HOLDOUT,,0.7126772451187797,False
E1_REPLICA_GT_FINE,f28b10bc4f631474219d79c43b3b2d87f940dddcc2679cf16ac7919be8fa408b,REPRESENTATIVE_HOLDOUT,,0.5118554288228679,False
E1_REPLICA_GT_FINE,f66efb4650383c6c5da37f5fbc6e6dda31b649ee9e4ca853939d10ae6f55bb33,REPRESENTATIVE_HOLDOUT,,1.384119501586453,False
E1_REPLICA_GT_FINE,f790e08ea0ad08ffa7c3faa4f0c2274c1ccac440af63b649adb979f213a86c83,REPRESENTATIVE_HOLDOUT,,0.3114311842308211,False
E1_REPLICA_GT_FINE,f8529d0eefa3b86112e5878801259c09ed00ab7a25aa589e759304f1d76a8fc7,REPRESENTATIVE_HOLDOUT,,0.4148091547470536,False
E1_REPLICA_GT_FINE,fcde0b521410fec4c2beb6348121dcbf531584e69542dfbfc467ca7c9a5daad2,REPRESENTATIVE_HOLDOUT,,0.5082690751849472,False
E1_REPLICA_GT_FINE,fd6fa4a3c1696fb4ee3b537312ce3405deef395c79d20c1ed1de4511dd78199c,REPRESENTATIVE_HOLDOUT,,0.5900078058106669,False
E1_REPLICA_GT_FINE,ff2d268daef24f0972ee29a4317587fc58dfbd649258a211727d51343f6d8b82,REPRESENTATIVE_HOLDOUT,,0.9818906598240056,False
E5_STONEHENGE_SAFER,0134302ab41076889b51193a28030c4b4c593c7d49d324db7384fadf8e4292c7,REPRESENTATIVE,NOT_EVALUABLE,NOT_EVALUABLE,NOT_EVALUABLE
E5_STONEHENGE_SAFER,04064bec00d45d558ae52ec3b1ab673505dd7df8e23062cb792b4e5a0fc2403d,REPRESENTATIVE,NOT_EVALUABLE,NOT_EVALUABLE,NOT_EVALUABLE
E5_STONEHENGE_SAFER,05a9e9b395bb7c2e10574895b494e9e50c644712cd2ab1299f0e2779d8487a1a,REPRESENTATIVE,NOT_EVALUABLE,NOT_EVALUABLE,NOT_EVALUABLE
E5_STONEHENGE_SAFER,065ccf3dc76d0069d660b8edf46e507c115799568da9d9ad3e9edab220dc4a2b,REPRESENTATIVE,NOT_EVALUABLE,NOT_EVALUABLE,NOT_EVALUABLE
E5_STONEHENGE_SAFER,09472ebc63bedd15e2296b7fc3e573f29430b68dd46cf1de5a6edea99dedc6bf,REPRESENTATIVE,NOT_EVALUABLE,NOT_EVALUABLE,NOT_EVALUABLE
E5_STONEHENGE_SAFER,0b90fd0f638a4595adf145ced7e3d338f215e7736437cc62d7fe98a588e95b21,REPRESENTATIVE,NOT_EVALUABLE,NOT_EVALUABLE,NOT_EVALUABLE
E5_STONEHENGE_SAFER,0d858158bd5fe799ce2a64711e6bab8ab455e20123047c69ef13c8d2f6b13cb4,REPRESENTATIVE,NOT_EVALUABLE,NOT_EVALUABLE,NOT_EVALUABLE
E5_STONEHENGE_SAFER,1101555f9fce4f795ffe0e826b025d9fed439a1a83e9e7c7d7a748e22a44b50e,REPRESENTATIVE,NOT_EVALUABLE,NOT_EVALUABLE,NOT_EVALUABLE
E5_STONEHENGE_SAFER,12680aa8e57e77f07ce02945688cfcbfa27e0d364efbdfbbf25027649e693063,REPRESENTATIVE,NOT_EVALUABLE,NOT_EVALUABLE,NOT_EVALUABLE
E5_STONEHENGE_SAFER,18b57d334b373ccb3813d95216cf27c2317d73517b2fe189c8859c2382203d63,REPRESENTATIVE,NOT_EVALUABLE,NOT_EVALUABLE,NOT_EVALUABLE
E5_STONEHENGE_SAFER,1c881c67b31fe8bbe272c089b8ca97a57ff7b87108a0137e98657bfd217fca0b,REPRESENTATIVE,NOT_EVALUABLE,NOT_EVALUABLE,NOT_EVALUABLE
E5_STONEHENGE_SAFER,22a6245662231278eba445286d6dd129447860bcbe2d184bbea5b9564fac526c,REPRESENTATIVE,NOT_EVALUABLE,NOT_EVALUABLE,NOT_EVALUABLE
E5_STONEHENGE_SAFER,24fd31d3054097eae6b1e972550278f895095a40321f77a25cbd7d6770c715bb,REPRESENTATIVE,NOT_EVALUABLE,NOT_EVALUABLE,NOT_EVALUABLE
E5_STONEHENGE_SAFER,2a728f39f8e92f814cdb8b1403095b107ea880f2d89b1a0eb3f7baf49a53628b,REPRESENTATIVE,NOT_EVALUABLE,NOT_EVALUABLE,NOT_EVALUABLE
E5_STONEHENGE_SAFER,2e3d48baf1265ee26352b4abbe25460e417a7ea161ee4950fe118d17f9193205,REPRESENTATIVE,NOT_EVALUABLE,NOT_EVALUABLE,NOT_EVALUABLE
E5_STONEHENGE_SAFER,31a4d33620a77352190d0accd58a0c800b4e525862c8d7ba91a5f43ff4fb881b,REPRESENTATIVE,NOT_EVALUABLE,NOT_EVALUABLE,NOT_EVALUABLE
E5_STONEHENGE_SAFER,346c2334d2d03b7b245a40a87ffc5d785547d36afac94c811e06bcb61773d857,REPRESENTATIVE,NOT_EVALUABLE,NOT_EVALUABLE,NOT_EVALUABLE
E5_STONEHENGE_SAFER,352c7f5f48f590fca9a7d5068226a9cde0a49ad2c23a06dac8a09558b4f4f885,REPRESENTATIVE,NOT_EVALUABLE,NOT_EVALUABLE,NOT_EVALUABLE
E5_STONEHENGE_SAFER,3790da6b1aed9c99b4c67c2d2c4ab37af16c1cc254d4c4be0956d958c295dd6a,REPRESENTATIVE,NOT_EVALUABLE,NOT_EVALUABLE,NOT_EVALUABLE
E5_STONEHENGE_SAFER,38b33526102f26cb985a944f9605898e443c349c2c238de81d799dfcc3e6c41b,REPRESENTATIVE,NOT_EVALUABLE,NOT_EVALUABLE,NOT_EVALUABLE
E5_STONEHENGE_SAFER,3d26d4945e5eb287bb0f08d98a5584ac6865560cbf85f1082a2b8e23846f087a,REPRESENTATIVE,NOT_EVALUABLE,NOT_EVALUABLE,NOT_EVALUABLE
E5_STONEHENGE_SAFER,3f1caa229d82e8e450cd7afcfa76727cab1fe45b4dd08d574918bae23c9bbdc4,REPRESENTATIVE,NOT_EVALUABLE,NOT_EVALUABLE,NOT_EVALUABLE
E5_STONEHENGE_SAFER,402e4211a0f090cd9581637f2218fdcc2e21901ee895e69723ac6c34e54b9a92,REPRESENTATIVE,NOT_EVALUABLE,NOT_EVALUABLE,NOT_EVALUABLE
E5_STONEHENGE_SAFER,40c746c87378efda13846a5182c76791b53153064539d49d11771fc56a585f58,REPRESENTATIVE,NOT_EVALUABLE,NOT_EVALUABLE,NOT_EVALUABLE
E5_STONEHENGE_SAFER,420d81ff82b0c93b992a551ca1aa6ca74054ba7c59f6339dbf8d45ae11443ddc,REPRESENTATIVE,NOT_EVALUABLE,NOT_EVALUABLE,NOT_EVALUABLE
E5_STONEHENGE_SAFER,4973ebd65bf5c9a2830199a51b00a460ac220c12e85a32b7bb8c8a218905d204,REPRESENTATIVE,NOT_EVALUABLE,NOT_EVALUABLE,NOT_EVALUABLE
E5_STONEHENGE_SAFER,4cb10c353901921fc6bbcb50852810cb4ee8da51d6085eb99ffb4c8fbfdb5d3f,REPRESENTATIVE,NOT_EVALUABLE,NOT_EVALUABLE,NOT_EVALUABLE
E5_STONEHENGE_SAFER,563bc8997736bb471ed161714451176a26c82e37c1c86862d8d18059b46281ed,REPRESENTATIVE,NOT_EVALUABLE,NOT_EVALUABLE,NOT_EVALUABLE
E5_STONEHENGE_SAFER,591e9d6a822894b09185290e0772c77cd1df78239bc081ceaec6ac0103b4bc3c,REPRESENTATIVE,NOT_EVALUABLE,NOT_EVALUABLE,NOT_EVALUABLE
E5_STONEHENGE_SAFER,5a07835e9ae5cc487172a9a5722cb9653f6eabd943f1bf643056ed9455f1e455,REPRESENTATIVE,NOT_EVALUABLE,NOT_EVALUABLE,NOT_EVALUABLE
E5_STONEHENGE_SAFER,5bb553d5d5428e6660ada112b8a9a833d27f7875a0860cc0f04d4ba667119ea2,REPRESENTATIVE,NOT_EVALUABLE,NOT_EVALUABLE,NOT_EVALUABLE
E5_STONEHENGE_SAFER,5da504b0103fee60d127a07e33fbd66c35003cf0f794b1b85f5f85bdff77a22e,REPRESENTATIVE,NOT_EVALUABLE,NOT_EVALUABLE,NOT_EVALUABLE
E5_STONEHENGE_SAFER,61dd821c86d524ff972760694874f1c8c683e3685cd519f8cdc7b53a5899c7cc,REPRESENTATIVE,NOT_EVALUABLE,NOT_EVALUABLE,NOT_EVALUABLE
E5_STONEHENGE_SAFER,64487a765e2cee71376b222c9ce0ebd08526c603ad22616faeb63cf7d7accd7f,REPRESENTATIVE,NOT_EVALUABLE,NOT_EVALUABLE,NOT_EVALUABLE
E5_STONEHENGE_SAFER,648053b21a005ea20025b6dac5ee1b74c189f86dfeb9103d291e8b2113cb825b,REPRESENTATIVE,NOT_EVALUABLE,NOT_EVALUABLE,NOT_EVALUABLE
E5_STONEHENGE_SAFER,648947003e0bf9850856c902bd27671fa95efcf23515fcb8bf28cbcdb085db19,REPRESENTATIVE,NOT_EVALUABLE,NOT_EVALUABLE,NOT_EVALUABLE
E5_STONEHENGE_SAFER,65da668b5edee210836c68779117185a2e01dee9ccf0c7031853408e81740d10,REPRESENTATIVE,NOT_EVALUABLE,NOT_EVALUABLE,NOT_EVALUABLE
E5_STONEHENGE_SAFER,66b96dd60a486e146063604cbd2437835c0906ae0e45bd5225776373ea397239,REPRESENTATIVE,NOT_EVALUABLE,NOT_EVALUABLE,NOT_EVALUABLE
E5_STONEHENGE_SAFER,69648cbf77f319eb90446fa1230ae13b160b878812c83eaf528f2a2d096543fd,REPRESENTATIVE,NOT_EVALUABLE,NOT_EVALUABLE,NOT_EVALUABLE
E5_STONEHENGE_SAFER,6c9a6deea5b6b8557f9fbd405777b0abcbaf3302ae3c272d26477a9c7af486d8,REPRESENTATIVE,NOT_EVALUABLE,NOT_EVALUABLE,NOT_EVALUABLE
E5_STONEHENGE_SAFER,6d73c098ca5c27c3cc5a81a8df91f83887973480c262dbf3ff9f0a1230739d43,REPRESENTATIVE,NOT_EVALUABLE,NOT_EVALUABLE,NOT_EVALUABLE
E5_STONEHENGE_SAFER,6dead5c9d0bc7ba032a6ad56197cf3aa425ce4bdd3194ad0a819e2d4ed8cc829,REPRESENTATIVE,NOT_EVALUABLE,NOT_EVALUABLE,NOT_EVALUABLE
E5_STONEHENGE_SAFER,744d23746d3e9afe9a384b778ce564590ebe2a5c0aa0e3a71c2af6ebedd98bff,REPRESENTATIVE,NOT_EVALUABLE,NOT_EVALUABLE,NOT_EVALUABLE
E5_STONEHENGE_SAFER,75a53b499543bafed813ae1b2b68707ea89364c9720b58322c9c81e29c4edfc2,REPRESENTATIVE,NOT_EVALUABLE,NOT_EVALUABLE,NOT_EVALUABLE
E5_STONEHENGE_SAFER,78d514d9801aa0f19cbaedd1bfd4328889d7489d549da2b68c136b8fb9d5b975,REPRESENTATIVE,NOT_EVALUABLE,NOT_EVALUABLE,NOT_EVALUABLE
E5_STONEHENGE_SAFER,7947efd7152fa3d9a7a1f105b32251391b3838b16b8e16de4cc38a6e494a2bfe,REPRESENTATIVE,NOT_EVALUABLE,NOT_EVALUABLE,NOT_EVALUABLE
E5_STONEHENGE_SAFER,7af1f7eb3ca41966191bc3492e2d592c2317d9e86b81366c32176f190c566da9,REPRESENTATIVE,NOT_EVALUABLE,NOT_EVALUABLE,NOT_EVALUABLE
E5_STONEHENGE_SAFER,7b2e42c22ef004a4d4be7e9374e7d5c2f98b692c48949de5c176493944a84656,REPRESENTATIVE,NOT_EVALUABLE,NOT_EVALUABLE,NOT_EVALUABLE
E5_STONEHENGE_SAFER,7b47cdb3a2f8a7a12e63698b8480ed39cfdc8ad5f949bd9bce8aaa2f27920c57,REPRESENTATIVE,NOT_EVALUABLE,NOT_EVALUABLE,NOT_EVALUABLE
E5_STONEHENGE_SAFER,7bdf281ed3c62f79a6fbc35d6aca7af8a0b21783dc7eda05696e970d92480d71,REPRESENTATIVE,NOT_EVALUABLE,NOT_EVALUABLE,NOT_EVALUABLE
E5_STONEHENGE_SAFER,7bf19d5bbfa9b11b25d33a1488c8d741f5c7b42e389d03887b637c5f439a8d61,REPRESENTATIVE,NOT_EVALUABLE,NOT_EVALUABLE,NOT_EVALUABLE
E5_STONEHENGE_SAFER,7d40d9d5d8087a8047193aa9bedb06dfbb16619134e78a0950b393fd9906a07e,REPRESENTATIVE,NOT_EVALUABLE,NOT_EVALUABLE,NOT_EVALUABLE
E5_STONEHENGE_SAFER,80d2db698eb607c3d55c0f0465fbc83ff74ef0bd39d540cb794bd2f0262a4eac,REPRESENTATIVE,NOT_EVALUABLE,NOT_EVALUABLE,NOT_EVALUABLE
E5_STONEHENGE_SAFER,8274650f7a135bb7a9ab1f8d6dbb9b503c5d1571ed3064ba2038815a4b8414db,REPRESENTATIVE,NOT_EVALUABLE,NOT_EVALUABLE,NOT_EVALUABLE
E5_STONEHENGE_SAFER,8a2f73fa404f7df2dc0cd294f8c188d4abb933d057f5a0e15136566b5e0ad73d,REPRESENTATIVE,NOT_EVALUABLE,NOT_EVALUABLE,NOT_EVALUABLE
E5_STONEHENGE_SAFER,907290ca66a5e2f8e277eb61c3a5fe32b0751987be64ab81cd4f83014548fb9d,REPRESENTATIVE,NOT_EVALUABLE,NOT_EVALUABLE,NOT_EVALUABLE
E5_STONEHENGE_SAFER,92d4018f4207a8e04cfdc88776b8912616bb8285b2bda14b3d04d801509cd29c,REPRESENTATIVE,NOT_EVALUABLE,NOT_EVALUABLE,NOT_EVALUABLE
E5_STONEHENGE_SAFER,932ca230af2d190d1ed70e417805aff16dc85c1843b17b6cb252455db015d8ba,REPRESENTATIVE,NOT_EVALUABLE,NOT_EVALUABLE,NOT_EVALUABLE
E5_STONEHENGE_SAFER,99fc6da87b7c06e2bc17e3dc68cc6c7b654e3c107d9a917a232d8226b16962b7,REPRESENTATIVE,NOT_EVALUABLE,NOT_EVALUABLE,NOT_EVALUABLE
E5_STONEHENGE_SAFER,9c4704baebe404c160d28043384108f0aeb12c4e91875b2360096b0872c15b8a,REPRESENTATIVE,NOT_EVALUABLE,NOT_EVALUABLE,NOT_EVALUABLE
E5_STONEHENGE_SAFER,9ceae17ad654568a40768099c7240b766c7dcdbbcf6e97c6ea461ae0671bf56e,REPRESENTATIVE,NOT_EVALUABLE,NOT_EVALUABLE,NOT_EVALUABLE
E5_STONEHENGE_SAFER,9d6c02ea94e77320f7d4b726e7d68e2b45bbd3ea7933bce8a369f6d00e377bf5,REPRESENTATIVE,NOT_EVALUABLE,NOT_EVALUABLE,NOT_EVALUABLE
E5_STONEHENGE_SAFER,9fde748565a802e20233a4a4cf474ae35598a89615e54e26b3c8a9d8a07bb7f8,REPRESENTATIVE,NOT_EVALUABLE,NOT_EVALUABLE,NOT_EVALUABLE
E5_STONEHENGE_SAFER,a12b12a6c0fb3f3d091fa31b5723718f6608104110bd6f4aab4de9e47e12bbe0,REPRESENTATIVE,NOT_EVALUABLE,NOT_EVALUABLE,NOT_EVALUABLE
E5_STONEHENGE_SAFER,a246a2f37127f40924210c472036ca38efdd11ff62a3de027fe99da03f0c2738,REPRESENTATIVE,NOT_EVALUABLE,NOT_EVALUABLE,NOT_EVALUABLE
E5_STONEHENGE_SAFER,a34eb0888952a2126c74f420ffd6e8c53f426a7550ff139e80e3ad274b3faf57,REPRESENTATIVE,NOT_EVALUABLE,NOT_EVALUABLE,NOT_EVALUABLE
E5_STONEHENGE_SAFER,a3f580b4f15baf5dd1a59a97005016af1563da2eba568669a91ec00c8ba7e4fb,REPRESENTATIVE,NOT_EVALUABLE,NOT_EVALUABLE,NOT_EVALUABLE
E5_STONEHENGE_SAFER,a51052fbf07b8354124484a17e7cbb87943e2ea4f22400b77af76c72b81f5d36,REPRESENTATIVE,NOT_EVALUABLE,NOT_EVALUABLE,NOT_EVALUABLE
E5_STONEHENGE_SAFER,a93d4dc4b77937f7a3422793985a95608837e395e4d2078c2d49cbaac178da17,REPRESENTATIVE,NOT_EVALUABLE,NOT_EVALUABLE,NOT_EVALUABLE
E5_STONEHENGE_SAFER,ab356e7aee1ce085f3541226dc3bdb289050af6d2b34514190849da2bc90dffb,REPRESENTATIVE,NOT_EVALUABLE,NOT_EVALUABLE,NOT_EVALUABLE
E5_STONEHENGE_SAFER,acb70cd8894a3f00c0ff01030e7ebcc0b770f3dd8a1030169740572b80c81001,REPRESENTATIVE,NOT_EVALUABLE,NOT_EVALUABLE,NOT_EVALUABLE
E5_STONEHENGE_SAFER,accff083b5eaba8d80269e32bfce422881c4a3ceae30e6362cba933a39f854c3,REPRESENTATIVE,NOT_EVALUABLE,NOT_EVALUABLE,NOT_EVALUABLE
E5_STONEHENGE_SAFER,b09bb21c98e10db3d4d25e4bb5e938e6e48ba6c56f5df4a535a1220040641a1b,REPRESENTATIVE,NOT_EVALUABLE,NOT_EVALUABLE,NOT_EVALUABLE
E5_STONEHENGE_SAFER,b14fcdd97ec89264c2f892dbcb2f9994ac99243662ea519b62579ac23f917cca,REPRESENTATIVE,NOT_EVALUABLE,NOT_EVALUABLE,NOT_EVALUABLE
E5_STONEHENGE_SAFER,b1f4bcd954025e88ac7b1e230b6868ecbd87af93287a7ffc9066e4234e919dbc,REPRESENTATIVE,NOT_EVALUABLE,NOT_EVALUABLE,NOT_EVALUABLE
E5_STONEHENGE_SAFER,b435290d116daca26befc618363be29641516a2b207deb644ad58dcdf8fd6cc5,REPRESENTATIVE,NOT_EVALUABLE,NOT_EVALUABLE,NOT_EVALUABLE
E5_STONEHENGE_SAFER,b4a20925b86e73957b8595801cad05e9b68b2140b9560c341b15ee0e9e200897,REPRESENTATIVE,NOT_EVALUABLE,NOT_EVALUABLE,NOT_EVALUABLE
E5_STONEHENGE_SAFER,b91e0ce73f5d2248915dd490f4f3c832c2293ea4203cf187401a1d4bda42fee8,REPRESENTATIVE,NOT_EVALUABLE,NOT_EVALUABLE,NOT_EVALUABLE
E5_STONEHENGE_SAFER,bc9c9ca2bf85dc7328e6c341c9c8db8d60a70ffc17d2c69b46c61894f0488320,REPRESENTATIVE,NOT_EVALUABLE,NOT_EVALUABLE,NOT_EVALUABLE
E5_STONEHENGE_SAFER,be7e8d0f97a37c6537aa3dde14d35402851a80a406ed12886adc0536c019d329,REPRESENTATIVE,NOT_EVALUABLE,NOT_EVALUABLE,NOT_EVALUABLE
E5_STONEHENGE_SAFER,c18341dcd8aba89f9efbdc250b0bdc04d7fa2f4d863fc0514f0206050f6fd128,REPRESENTATIVE,NOT_EVALUABLE,NOT_EVALUABLE,NOT_EVALUABLE
E5_STONEHENGE_SAFER,c80c96703f9599fb122064c02fd8701a59be7be43057c365ce2cd8b305134bce,REPRESENTATIVE,NOT_EVALUABLE,NOT_EVALUABLE,NOT_EVALUABLE
E5_STONEHENGE_SAFER,c8b9d83c691dffdc02a02ce0c64e99b5891112e22b077591c4600531a1431f66,REPRESENTATIVE,NOT_EVALUABLE,NOT_EVALUABLE,NOT_EVALUABLE
E5_STONEHENGE_SAFER,c8f09654ef2114c57f20c509858d4d6b8cace34165ef039f0a3be58de0c20456,REPRESENTATIVE,NOT_EVALUABLE,NOT_EVALUABLE,NOT_EVALUABLE
E5_STONEHENGE_SAFER,c8f99bb5966fa9db18a533cfb5718f85b0e0f38517a5e87844dfdec5001df350,REPRESENTATIVE,NOT_EVALUABLE,NOT_EVALUABLE,NOT_EVALUABLE
E5_STONEHENGE_SAFER,ca0f9c000aab37776afccd55cf704d0c0d9a6fc19a8beb1732d0a9d1949217cd,REPRESENTATIVE,NOT_EVALUABLE,NOT_EVALUABLE,NOT_EVALUABLE
E5_STONEHENGE_SAFER,ca6b58cebdec8aa77619f45cdffacd23e1e46004e90df4e000054877418215e5,REPRESENTATIVE,NOT_EVALUABLE,NOT_EVALUABLE,NOT_EVALUABLE
E5_STONEHENGE_SAFER,cfff2de3165cf09c51f00709950dbd6702292c8a11b14670cbce346770123f3b,REPRESENTATIVE,NOT_EVALUABLE,NOT_EVALUABLE,NOT_EVALUABLE
E5_STONEHENGE_SAFER,d87c764ea3e61103c048cbc4451be45c3173892838f2e5619cc081e324f195f5,REPRESENTATIVE,NOT_EVALUABLE,NOT_EVALUABLE,NOT_EVALUABLE
E5_STONEHENGE_SAFER,d918eadd59387874182354d671303677550da8ce62e0a8931fe26d5989bab649,REPRESENTATIVE,NOT_EVALUABLE,NOT_EVALUABLE,NOT_EVALUABLE
E5_STONEHENGE_SAFER,dc04118df7f0bac7dc8e14227d61b110e9a0c514e3eb9949ccd44a1e5aa44870,REPRESENTATIVE,NOT_EVALUABLE,NOT_EVALUABLE,NOT_EVALUABLE
E5_STONEHENGE_SAFER,e39d0385933e7ec6f11e1a522131ac68fcf85f70c3856153adbea30c6f2de7c2,REPRESENTATIVE,NOT_EVALUABLE,NOT_EVALUABLE,NOT_EVALUABLE
E5_STONEHENGE_SAFER,ea27c151e69786e3c09c5650d8e28ccaed567816942f12870bd9f0ea7a3ab3c4,REPRESENTATIVE,NOT_EVALUABLE,NOT_EVALUABLE,NOT_EVALUABLE
E5_STONEHENGE_SAFER,efbd89b2a73b40006872adbb2b2fc0650e3ee99cc9409721d515c60200eea070,REPRESENTATIVE,NOT_EVALUABLE,NOT_EVALUABLE,NOT_EVALUABLE
E5_STONEHENGE_SAFER,f042546a9f45764a304b2b3e7f37c84adf7d08e8ca1e4f5d63c08c8c9d75de5d,REPRESENTATIVE,NOT_EVALUABLE,NOT_EVALUABLE,NOT_EVALUABLE
E5_STONEHENGE_SAFER,f4a4f8573f0c16d259b07f4495c2d5597a117f7290ee6fcc96097e6dc4309c28,REPRESENTATIVE,NOT_EVALUABLE,NOT_EVALUABLE,NOT_EVALUABLE
E5_STONEHENGE_SAFER,f9ed91ba825db57f6e829a0426e646eb5d20c9551b430d727906cfc7ba985599,REPRESENTATIVE,NOT_EVALUABLE,NOT_EVALUABLE,NOT_EVALUABLE
E5_STONEHENGE_SAFER,fbd7ff87997f961a8d14613023a5ab04b0af1d967fd0ee13beb78575ab1c3f1d,REPRESENTATIVE,NOT_EVALUABLE,NOT_EVALUABLE,NOT_EVALUABLE
E5_STONEHENGE_SAFER,fdf7b2058f689422b9411bfb44741c867e8b23faabbbcef4f01fbdce1c07fb15,REPRESENTATIVE,NOT_EVALUABLE,NOT_EVALUABLE,NOT_EVALUABLE
E5_STONEHENGE_SAFER,ffd6cda1d5e9d98c60b0e9aa4cf2a95544aaf987fc12136625d7baf7c2f4e62b,REPRESENTATIVE,NOT_EVALUABLE,NOT_EVALUABLE,NOT_EVALUABLE
E6_FLIGHT_SAFER,01aeadade59622e7afcd1c10e9715e32030cf02026456c4aed3d403c69efd0b8,REPRESENTATIVE,NOT_EVALUABLE,NOT_EVALUABLE,NOT_EVALUABLE
E6_FLIGHT_SAFER,06acbdd51434ffeec1da7bb9007aeab82aa77a0b3e8ed604e04307c987ac45ad,REPRESENTATIVE,NOT_EVALUABLE,NOT_EVALUABLE,NOT_EVALUABLE
E6_FLIGHT_SAFER,0777bee697e0cc7a147ae5244e26b119fd90ec1854bb36270068ed0a8246e0cb,REPRESENTATIVE,NOT_EVALUABLE,NOT_EVALUABLE,NOT_EVALUABLE
E6_FLIGHT_SAFER,08337021ba1c3d87414d7f0f7acfcac0e371afc3fbe6a5cb191cdda80fedcd5d,REPRESENTATIVE,NOT_EVALUABLE,NOT_EVALUABLE,NOT_EVALUABLE
E6_FLIGHT_SAFER,09ef865ed528a671c50c220cb21c300d9a39d74179470423445cafdbdef72da2,REPRESENTATIVE,NOT_EVALUABLE,NOT_EVALUABLE,NOT_EVALUABLE
E6_FLIGHT_SAFER,0e45383538fdd57d52ada874c7a69b2ebbbffb82a95fb21c48898300a56c1a95,REPRESENTATIVE,NOT_EVALUABLE,NOT_EVALUABLE,NOT_EVALUABLE
E6_FLIGHT_SAFER,109361dab8f9d2e7187eaa6d9b480caa32019d3f888db481c19fe6316dd7f7ed,REPRESENTATIVE,NOT_EVALUABLE,NOT_EVALUABLE,NOT_EVALUABLE
E6_FLIGHT_SAFER,11d9fd665d3c71d1b6818c174bc38df1413d28acca5abcbd22d77a09a8fa9898,REPRESENTATIVE,NOT_EVALUABLE,NOT_EVALUABLE,NOT_EVALUABLE
E6_FLIGHT_SAFER,12f81f928f7d3103015be971d8f4da05ac17c0078f71afe8efcd4556f0b5c897,REPRESENTATIVE,NOT_EVALUABLE,NOT_EVALUABLE,NOT_EVALUABLE
E6_FLIGHT_SAFER,131f912dbb698c5a5c1a7d4b8a3957e861031d3bc1cc486897d29b823078532a,REPRESENTATIVE,NOT_EVALUABLE,NOT_EVALUABLE,NOT_EVALUABLE
E6_FLIGHT_SAFER,161062cebfee5425da5f7df3b7ccabbe6c31fb5f2c6fc7e0086b29c6fbcb2bef,REPRESENTATIVE,NOT_EVALUABLE,NOT_EVALUABLE,NOT_EVALUABLE
E6_FLIGHT_SAFER,17e4d81bd69626f3f986d4dcf7074107ecfe54e4f4812a0599cc0668e9fc7bcb,REPRESENTATIVE,NOT_EVALUABLE,NOT_EVALUABLE,NOT_EVALUABLE
E6_FLIGHT_SAFER,1852257ab75df5333501077e7249e4eacf9e9f7ddd6a045155491720680ebe7b,REPRESENTATIVE,NOT_EVALUABLE,NOT_EVALUABLE,NOT_EVALUABLE
E6_FLIGHT_SAFER,1c099e1b0ea88dfff3671a2ec0cf87b7521c147b2d4ff830884083bd8868ad06,REPRESENTATIVE,NOT_EVALUABLE,NOT_EVALUABLE,NOT_EVALUABLE
E6_FLIGHT_SAFER,235fea86defd92cc44d77db4afa37c47fbf190442e8c91dba356302e61a9a3ef,REPRESENTATIVE,NOT_EVALUABLE,NOT_EVALUABLE,NOT_EVALUABLE
E6_FLIGHT_SAFER,23f0dac8d0c4419fabe72fe8bd16a78578dff11bd3fc7ea902d150d8bc559180,REPRESENTATIVE,NOT_EVALUABLE,NOT_EVALUABLE,NOT_EVALUABLE
E6_FLIGHT_SAFER,25bdd19e0bcad2d8602beb00eaed98987a680ee9680a7684954bbb94d30373dd,REPRESENTATIVE,NOT_EVALUABLE,NOT_EVALUABLE,NOT_EVALUABLE
E6_FLIGHT_SAFER,2859245f10dc9a36f488006d6b3a9f0b086e8c3d8387a1291b31397398426d48,REPRESENTATIVE,NOT_EVALUABLE,NOT_EVALUABLE,NOT_EVALUABLE
E6_FLIGHT_SAFER,2a6e0b58bfe92ad72daf3c714eef9573f9da560f21916207dede755ccdd781e6,REPRESENTATIVE,NOT_EVALUABLE,NOT_EVALUABLE,NOT_EVALUABLE
E6_FLIGHT_SAFER,2b0b590ab4adecd3318c841a72cd7f65cefb5a9388dacb2ad78b599d5ad3e2ff,REPRESENTATIVE,NOT_EVALUABLE,NOT_EVALUABLE,NOT_EVALUABLE
E6_FLIGHT_SAFER,3455bbc3de6510b87c536116f7264c760e699e5e7ce30b25bc08aed275d77d30,REPRESENTATIVE,NOT_EVALUABLE,NOT_EVALUABLE,NOT_EVALUABLE
E6_FLIGHT_SAFER,350fa0cf87caea055258036d0f7ddb4c1fe3813b48d059607c7b1a600355b24b,REPRESENTATIVE,NOT_EVALUABLE,NOT_EVALUABLE,NOT_EVALUABLE
E6_FLIGHT_SAFER,3952d8b454065b493247d60f9b31d53cd21213152da7436fcdd0520f705986b8,REPRESENTATIVE,NOT_EVALUABLE,NOT_EVALUABLE,NOT_EVALUABLE
E6_FLIGHT_SAFER,3fa1332cd6bade6068e94c00bff40ec3bd39930948ec4111e225cc4718f28f93,REPRESENTATIVE,NOT_EVALUABLE,NOT_EVALUABLE,NOT_EVALUABLE
E6_FLIGHT_SAFER,41a1bd2b4546d99fc1a1a82eb134d29ef3b21ef28fe735d5a248c88397d5de4b,REPRESENTATIVE,NOT_EVALUABLE,NOT_EVALUABLE,NOT_EVALUABLE
E6_FLIGHT_SAFER,45ab4d11c93de51478bccccd88df14b4b634e960d5333e430fcf6852e61ad46e,REPRESENTATIVE,NOT_EVALUABLE,NOT_EVALUABLE,NOT_EVALUABLE
E6_FLIGHT_SAFER,463da07e21ef7084dc4580afc86de4cad9c8e877d74080463755376a9bef9179,REPRESENTATIVE,NOT_EVALUABLE,NOT_EVALUABLE,NOT_EVALUABLE
E6_FLIGHT_SAFER,46f64b570c94c97a8d74ff2ad0851b8a191b7618fffeffdd5023153e4339e6b9,REPRESENTATIVE,NOT_EVALUABLE,NOT_EVALUABLE,NOT_EVALUABLE
E6_FLIGHT_SAFER,4cb58df0c263f046cf8998c98a64aeb9ad0ba4f16fef56e76224c59e891decf6,REPRESENTATIVE,NOT_EVALUABLE,NOT_EVALUABLE,NOT_EVALUABLE
E6_FLIGHT_SAFER,541ec35e349f0ad2d640c7637f313b5af93ae02d082787adabb882bbca8762e9,REPRESENTATIVE,NOT_EVALUABLE,NOT_EVALUABLE,NOT_EVALUABLE
E6_FLIGHT_SAFER,54904dafb1f3a67cc66c5fa8f061c7cc3a64818c1e25cafb42245b19429adca3,REPRESENTATIVE,NOT_EVALUABLE,NOT_EVALUABLE,NOT_EVALUABLE
E6_FLIGHT_SAFER,5645d90fb9888c047509157d4d7a81c7b95fb1d55cb051e063927ca84a3a1f13,REPRESENTATIVE,NOT_EVALUABLE,NOT_EVALUABLE,NOT_EVALUABLE
E6_FLIGHT_SAFER,58b7b3f3e38aa197e96b25c9b838a1ca39d6547ad9cf82bba83d46335b5ff975,REPRESENTATIVE,NOT_EVALUABLE,NOT_EVALUABLE,NOT_EVALUABLE
E6_FLIGHT_SAFER,5ad11e1d505cd616fc0a26370e18e2a1ed7065d00f6d25976b3ea6aac8e98dd8,REPRESENTATIVE,NOT_EVALUABLE,NOT_EVALUABLE,NOT_EVALUABLE
E6_FLIGHT_SAFER,5cfedae645f34c91766b920776ca0c1161ca03245bcb6e36470e2cb6357ac60c,REPRESENTATIVE,NOT_EVALUABLE,NOT_EVALUABLE,NOT_EVALUABLE
E6_FLIGHT_SAFER,5fb7ba160b8c5d8bb64ea3afde8a74137b1e39b35221466d582b51e2bfe19a99,REPRESENTATIVE,NOT_EVALUABLE,NOT_EVALUABLE,NOT_EVALUABLE
E6_FLIGHT_SAFER,5fd23181c460874e718610fb5299a5e0b267fa2e07bae8e2b1dabc9adadea0a2,REPRESENTATIVE,NOT_EVALUABLE,NOT_EVALUABLE,NOT_EVALUABLE
E6_FLIGHT_SAFER,62af2a6f4be5381ebfe775e0b3f3dade5cc3bff17dcb97ffa9a0552425514128,REPRESENTATIVE,NOT_EVALUABLE,NOT_EVALUABLE,NOT_EVALUABLE
E6_FLIGHT_SAFER,6422b0dd0f9d75a0f58a5a6655baff1db664418c72ad423321e0d507c30c8c7b,REPRESENTATIVE,NOT_EVALUABLE,NOT_EVALUABLE,NOT_EVALUABLE
E6_FLIGHT_SAFER,64238f78882950a8ddc88aab802c705e1cf72e4c9f81dbfd85eb0577f8149bf1,REPRESENTATIVE,NOT_EVALUABLE,NOT_EVALUABLE,NOT_EVALUABLE
E6_FLIGHT_SAFER,6509a7a427df36186a756703339051dc2ebb2cb382b8337382dcdd9f45e6a0f6,REPRESENTATIVE,NOT_EVALUABLE,NOT_EVALUABLE,NOT_EVALUABLE
E6_FLIGHT_SAFER,65b0a830bdb9f25cfc55b4eac47a96f4943103b18f4fbe395f7c3401c6c60522,REPRESENTATIVE,NOT_EVALUABLE,NOT_EVALUABLE,NOT_EVALUABLE
E6_FLIGHT_SAFER,67ee79245098e81cbe45f65923302b855285dc8cee864d18b762061bed98610c,REPRESENTATIVE,NOT_EVALUABLE,NOT_EVALUABLE,NOT_EVALUABLE
E6_FLIGHT_SAFER,688c99491da3a1461595120631679c95973e4f90389253553b0f78894b59c226,REPRESENTATIVE,NOT_EVALUABLE,NOT_EVALUABLE,NOT_EVALUABLE
E6_FLIGHT_SAFER,698da0408366b11e7cc5a70f23aa65c8ec34f01a9d7637f2cf6326cb0658d62d,REPRESENTATIVE,NOT_EVALUABLE,NOT_EVALUABLE,NOT_EVALUABLE
E6_FLIGHT_SAFER,6aab37f77f5f9c33e9be0694d6ddb422aaf8471bb30ecfe7bac48a72a83de22f,REPRESENTATIVE,NOT_EVALUABLE,NOT_EVALUABLE,NOT_EVALUABLE
E6_FLIGHT_SAFER,6e3b5dd3ae665ccd91637029d4631009a11342e65ea9dc588767b0adfd1227fc,REPRESENTATIVE,NOT_EVALUABLE,NOT_EVALUABLE,NOT_EVALUABLE
E6_FLIGHT_SAFER,6e7e0278297312e9b1d0529ecf17dce43d5d2571e830c97c5d25db5d81eaa7fd,REPRESENTATIVE,NOT_EVALUABLE,NOT_EVALUABLE,NOT_EVALUABLE
E6_FLIGHT_SAFER,751777678f00f37cb2c1b6b566278d1b3bb2c06b0cc2607db25f9d184af86ae9,REPRESENTATIVE,NOT_EVALUABLE,NOT_EVALUABLE,NOT_EVALUABLE
E6_FLIGHT_SAFER,7668223bf8a6fbf98a2137cc5d372e8662e43d69b07793a3367ce5ef02e3d237,REPRESENTATIVE,NOT_EVALUABLE,NOT_EVALUABLE,NOT_EVALUABLE
E6_FLIGHT_SAFER,797ceb3e21e3e52071d0cc03b2aa2a08c7d7b961d6369a87975de8ce8f711d49,REPRESENTATIVE,NOT_EVALUABLE,NOT_EVALUABLE,NOT_EVALUABLE
E6_FLIGHT_SAFER,7b72fab67566a6c991c62e0a13d9e989f3657c1b30bdad3379b42f5cfb6ef108,REPRESENTATIVE,NOT_EVALUABLE,NOT_EVALUABLE,NOT_EVALUABLE
E6_FLIGHT_SAFER,7c5398f4db1c487dab72eb609ffbdfcf76b74999c13739437a0769b2d35a4e8b,REPRESENTATIVE,NOT_EVALUABLE,NOT_EVALUABLE,NOT_EVALUABLE
E6_FLIGHT_SAFER,803756b879fb83744b28ed5e6e452069a28c939e376d11ab6037b8175f84d119,REPRESENTATIVE,NOT_EVALUABLE,NOT_EVALUABLE,NOT_EVALUABLE
E6_FLIGHT_SAFER,83cdb26b5370d0fcf994402dfd09b252d71c6e23c5beddcae1c03485ecee87a5,REPRESENTATIVE,NOT_EVALUABLE,NOT_EVALUABLE,NOT_EVALUABLE
E6_FLIGHT_SAFER,83efa63cb6d1af6b26b41c453cda37749d047dec2f6ed06d795a9cf98ad2a1be,REPRESENTATIVE,NOT_EVALUABLE,NOT_EVALUABLE,NOT_EVALUABLE
E6_FLIGHT_SAFER,8ad08340c293040823b9137b2f05229ad3aee1cc7ad148d08323b9a6382c0891,REPRESENTATIVE,NOT_EVALUABLE,NOT_EVALUABLE,NOT_EVALUABLE
E6_FLIGHT_SAFER,8c196d5b3a3e63e9483c52542ec2161079726061780d437a380f0499c72ff62a,REPRESENTATIVE,NOT_EVALUABLE,NOT_EVALUABLE,NOT_EVALUABLE
E6_FLIGHT_SAFER,8c3af14989ff05726bc7577f8b54575d168e8284ad99ee8830821d7146298384,REPRESENTATIVE,NOT_EVALUABLE,NOT_EVALUABLE,NOT_EVALUABLE
E6_FLIGHT_SAFER,9033477337fa1843670bbf7ba0376194a9e375446cd989db75ae39a842940e70,REPRESENTATIVE,NOT_EVALUABLE,NOT_EVALUABLE,NOT_EVALUABLE
E6_FLIGHT_SAFER,9081b76c9e23ab74a973950eb3e79f20158e07fc1845dcfce795381264850155,REPRESENTATIVE,NOT_EVALUABLE,NOT_EVALUABLE,NOT_EVALUABLE
E6_FLIGHT_SAFER,99be7c6fba87b9d1807821cb550f57937324338ce6ba53f250d5386b2c709687,REPRESENTATIVE,NOT_EVALUABLE,NOT_EVALUABLE,NOT_EVALUABLE
E6_FLIGHT_SAFER,9dcfe25ff9448359939c88bdc62d5e9e47ba284d5864390b0b69a09cfdecb408,REPRESENTATIVE,NOT_EVALUABLE,NOT_EVALUABLE,NOT_EVALUABLE
E6_FLIGHT_SAFER,9fdde340d5e6327f85186fd37d99046cc345bebac016348a8f70e560dcf28687,REPRESENTATIVE,NOT_EVALUABLE,NOT_EVALUABLE,NOT_EVALUABLE
E6_FLIGHT_SAFER,a00fd35101770a16fd6ecb2db460784048f4918104b4b6b3b353bd70fc7ae2d6,REPRESENTATIVE,NOT_EVALUABLE,NOT_EVALUABLE,NOT_EVALUABLE
E6_FLIGHT_SAFER,a2eaf635ad381e9c86d2edf28198c64c39cdde3d12d61b51fc09d905149dbd23,REPRESENTATIVE,NOT_EVALUABLE,NOT_EVALUABLE,NOT_EVALUABLE
E6_FLIGHT_SAFER,a8fb2715c2731d8dac62059c5a320245c8f23b6414be17377073faecb69fd29b,REPRESENTATIVE,NOT_EVALUABLE,NOT_EVALUABLE,NOT_EVALUABLE
E6_FLIGHT_SAFER,ae3a4d6e2df62912cde3a53e61cec736ebd65d2b4dbcf300914587a20c3daeda,REPRESENTATIVE,NOT_EVALUABLE,NOT_EVALUABLE,NOT_EVALUABLE
E6_FLIGHT_SAFER,b3127e019d7c55c8b6bd9f34a44a01bfd69f9237d668cd6b7ef9a0905b832630,REPRESENTATIVE,NOT_EVALUABLE,NOT_EVALUABLE,NOT_EVALUABLE
E6_FLIGHT_SAFER,b73965378c6b7997e6645a549cc6e721e998e8a28215e9b0dbfc8d140aaa132c,REPRESENTATIVE,NOT_EVALUABLE,NOT_EVALUABLE,NOT_EVALUABLE
E6_FLIGHT_SAFER,bb08cc0e11d4c32c819d935ad761eeb87ee0742c28bc41331d9507a47942230c,REPRESENTATIVE,NOT_EVALUABLE,NOT_EVALUABLE,NOT_EVALUABLE
E6_FLIGHT_SAFER,bb299e9da5fce0aabf409da31ea1c36c2140feee439c85df535e84306ef8eaf1,REPRESENTATIVE,NOT_EVALUABLE,NOT_EVALUABLE,NOT_EVALUABLE
E6_FLIGHT_SAFER,bc558ea37005c8e50769580ad9c083cb5ff7fae8144a37478f765aa643b1314a,REPRESENTATIVE,NOT_EVALUABLE,NOT_EVALUABLE,NOT_EVALUABLE
E6_FLIGHT_SAFER,be41268cdcb6bcd2d3c77003c46b178d361eb2c2e805262238217aa75cfed77e,REPRESENTATIVE,NOT_EVALUABLE,NOT_EVALUABLE,NOT_EVALUABLE
E6_FLIGHT_SAFER,be88e6d34f75a826818a36de44ca2f099ccb0739f77575c515e8bd372344299a,REPRESENTATIVE,NOT_EVALUABLE,NOT_EVALUABLE,NOT_EVALUABLE
E6_FLIGHT_SAFER,c16bfbe29d69a18fa2272caa0d3a97e7611fb980b404a121be98341597248b48,REPRESENTATIVE,NOT_EVALUABLE,NOT_EVALUABLE,NOT_EVALUABLE
E6_FLIGHT_SAFER,c2b6ddb3862e53b35356083dd700b0b63397d9bc2a1eb0210b441bee9befff73,REPRESENTATIVE,NOT_EVALUABLE,NOT_EVALUABLE,NOT_EVALUABLE
E6_FLIGHT_SAFER,c643cdbfb61ceaec9270c516f222d34e01dd0dadbc7ea6503b97399cd197d7e1,REPRESENTATIVE,NOT_EVALUABLE,NOT_EVALUABLE,NOT_EVALUABLE
E6_FLIGHT_SAFER,c6929bc5b321c552e1f24c8586998af12a05de77784462ce961c00d703e0e092,REPRESENTATIVE,NOT_EVALUABLE,NOT_EVALUABLE,NOT_EVALUABLE
E6_FLIGHT_SAFER,c6fae842861556dc1fb52d0305043d0b82ac3be2c863fe8eb196b4b8f7753923,REPRESENTATIVE,NOT_EVALUABLE,NOT_EVALUABLE,NOT_EVALUABLE
E6_FLIGHT_SAFER,c71a3527d2d4a6e6e3d1a7ba856df6c1f1bec7d410daf54614818ab58a8e2171,REPRESENTATIVE,NOT_EVALUABLE,NOT_EVALUABLE,NOT_EVALUABLE
E6_FLIGHT_SAFER,c7ef8c2e7a399723696be56aa43ba0f632878756eaf236429d217f7a8aa4fcf9,REPRESENTATIVE,NOT_EVALUABLE,NOT_EVALUABLE,NOT_EVALUABLE
E6_FLIGHT_SAFER,c7f1c4138bbd74b51d2d3b66f2cad154c38f62eba3c255652aa73cd51ee919f3,REPRESENTATIVE,NOT_EVALUABLE,NOT_EVALUABLE,NOT_EVALUABLE
E6_FLIGHT_SAFER,c90e98e33ec2f1a56e33a6b81f39474a67600b0a0f4dec10807eb726e271336d,REPRESENTATIVE,NOT_EVALUABLE,NOT_EVALUABLE,NOT_EVALUABLE
E6_FLIGHT_SAFER,cafe714d080d4a38adaea4daaf6482755aaf6b7597026ec673f489a013143ec1,REPRESENTATIVE,NOT_EVALUABLE,NOT_EVALUABLE,NOT_EVALUABLE
E6_FLIGHT_SAFER,d0459487580384d8de3f685351298d3ea1e177a5e57dd80b999e9420fe2995a4,REPRESENTATIVE,NOT_EVALUABLE,NOT_EVALUABLE,NOT_EVALUABLE
E6_FLIGHT_SAFER,d154a9e708bcecc38d084abeb8f2d965f05a089854ce9184464610354682d52f,REPRESENTATIVE,NOT_EVALUABLE,NOT_EVALUABLE,NOT_EVALUABLE
E6_FLIGHT_SAFER,d400e0e39986a5dee174d75e6462e0f482212dcf149ab014781361a8e834ddd8,REPRESENTATIVE,NOT_EVALUABLE,NOT_EVALUABLE,NOT_EVALUABLE
E6_FLIGHT_SAFER,d7f191f71923e65603e32f78c484b80994e640d722ac7f7301e44874c8fbd995,REPRESENTATIVE,NOT_EVALUABLE,NOT_EVALUABLE,NOT_EVALUABLE
E6_FLIGHT_SAFER,d98fe32fca09915bc391f108a9f36969b59b43fb12f749abde991d20b064c093,REPRESENTATIVE,NOT_EVALUABLE,NOT_EVALUABLE,NOT_EVALUABLE
E6_FLIGHT_SAFER,e113f9cef791b38ba00a95660451012d8343d95c7f146f48282fbe86ed51c122,REPRESENTATIVE,NOT_EVALUABLE,NOT_EVALUABLE,NOT_EVALUABLE
E6_FLIGHT_SAFER,e4b3645dcc182d855ae81955ed338e6426955bca789e5a79238ebd387f47f7dc,REPRESENTATIVE,NOT_EVALUABLE,NOT_EVALUABLE,NOT_EVALUABLE
E6_FLIGHT_SAFER,e4ef225a8ce2b26d0e9ede5087fa8d052b050241a70eb637bfb4bce814a824e9,REPRESENTATIVE,NOT_EVALUABLE,NOT_EVALUABLE,NOT_EVALUABLE
E6_FLIGHT_SAFER,e56b063a6a9c54ae9a445d72c31399d1ddb7aee22441086688954bab3e426260,REPRESENTATIVE,NOT_EVALUABLE,NOT_EVALUABLE,NOT_EVALUABLE
E6_FLIGHT_SAFER,ea03a1eb6b6b2d9951fabb4fd3c0db2b5147ad0ab33b0a3d98950c37c04df6e3,REPRESENTATIVE,NOT_EVALUABLE,NOT_EVALUABLE,NOT_EVALUABLE
E6_FLIGHT_SAFER,ecaa99224b12c5fc08016d49f5b7e2719f31398f4338aa0149cda4731db377c0,REPRESENTATIVE,NOT_EVALUABLE,NOT_EVALUABLE,NOT_EVALUABLE
E6_FLIGHT_SAFER,f46ad0189cdfbb7064e766e5461127a6f7539421b26162e3393957b4ddc581f4,REPRESENTATIVE,NOT_EVALUABLE,NOT_EVALUABLE,NOT_EVALUABLE
E6_FLIGHT_SAFER,f5a9462fa74e9748618733f5768c3c4c816580135645936a83956720b3aaf729,REPRESENTATIVE,NOT_EVALUABLE,NOT_EVALUABLE,NOT_EVALUABLE
E6_FLIGHT_SAFER,f5df966cd7453e1b26b2d57ffe20c7ddff60998098d05325b487e99baf605286,REPRESENTATIVE,NOT_EVALUABLE,NOT_EVALUABLE,NOT_EVALUABLE
E6_FLIGHT_SAFER,ff0f2c3a968fa9f9ee7a6cbc60e6708a5974024e7efa8d911a24775c3c5ac9d3,REPRESENTATIVE,NOT_EVALUABLE,NOT_EVALUABLE,NOT_EVALUABLE
