evidence_class,S0_current_position,S1_end_position,S2_end_position,S3_end_position_zero_hold,dp_tau_du_max_abs,environment,p_next_formula_max_abs_error,p_tau_control_independence_max_abs_error,shadow_definition,state_id,v_next_formula_max_abs_error
E2_SHADOW_DIAGNOSTIC,"[-1.693390965461731, 0.20355135202407837, 0.8107724785804749]","[-1.6921536486063895, 0.2034437592604657, 0.8109137966497595]","[-1.6907281976628072, 0.2030915489619284, 0.8112980471409046]","[-1.689302746719225, 0.2027393386633911, 0.8116822976320497]",0.0,E1_REPLICA_GT_FINE,0.0,0.0,S0 current; S1 immediate p+dt*v; S2 next candidate-affected segment; S3 next zero-hold segment.,002b6f245470919aaa880323bfdda87cf5e080c8098daa51628f914b81a5ede6,0.0
E2_SHADOW_DIAGNOSTIC,"[4.511950612068176, 0.12523484230041504, 0.28888845816254616]","[4.511950612068176, 0.12523484230041504, 0.28888845816254616]","[4.511700749494631, 0.12523484230041504, 0.2891383207360917]","[4.511450886921086, 0.12523484230041504, 0.2893881833096372]",0.0,E1_REPLICA_GT_FINE,0.0,0.0,S0 current; S1 immediate p+dt*v; S2 next candidate-affected segment; S3 next zero-hold segment.,02b145999e5475b5f73ab85539be45cdbcecbc2e4ff51edc10178fd1a57cafa2,0.0
E2_SHADOW_DIAGNOSTIC,"[3.5284748673439026, 0.12523484230041504, 0.3097197227180004]","[3.5240760034731498, 0.12523484230041504, 0.3073427505585956]","[3.5196470827964337, 0.12523484230041504, 0.3048346270089688]","[3.5152181621197176, 0.12523484230041504, 0.302326503459342]",0.0,E1_REPLICA_GT_FINE,0.0,0.0,S0 current; S1 immediate p+dt*v; S2 next candidate-affected segment; S3 next zero-hold segment.,0722f797f394ad578c2f9a6f6dd0e3b791e2bb0d6749d512fb4e6a38af170e7b,0.0
E2_SHADOW_DIAGNOSTIC,"[3.161897897720337, 0.12523484230041504, 2.160782814025879]","[3.1603920982447096, 0.12523484230041504, 2.1655506823062742]","[3.158711588752443, 0.12523484230041504, 2.1703301571707834]","[3.1570310792601766, 0.12523484230041504, 2.1751096320352925]",0.0,E1_REPLICA_GT_FINE,0.0,0.0,S0 current; S1 immediate p+dt*v; S2 next candidate-affected segment; S3 next zero-hold segment.,093f73b9f5eb9fb16c58e8e7316af135c0e14ce15c372404d029b6ab3edab683,0.0
E2_SHADOW_DIAGNOSTIC,"[4.0898131132125854, 0.12523484230041504, -0.12253284454345703]","[4.0891853770549185, 0.12523484230041504, -0.1262299308714128]","[4.088339028688785, 0.12523484230041504, -0.1299921628459748]","[4.087492680322652, 0.12523484230041504, -0.13375439482053683]",0.0,E1_REPLICA_GT_FINE,0.0,0.0,S0 current; S1 immediate p+dt*v; S2 next candidate-affected segment; S3 next zero-hold segment.,0a80081e9b4e0e3e951f9eef10620f5e34d9922a52db7850e1c45e9a0d9bee42,0.0
E2_SHADOW_DIAGNOSTIC,"[0.5479177981615067, 2.925234794616699, 1.084840103983879]","[0.5479177981615067, 2.925234794616699, 1.084840103983879]","[0.5481676607350522, 2.925234794616699, 1.0845902414103337]","[0.5484175233085977, 2.925234794616699, 1.0843403788367882]",0.0,E1_REPLICA_GT_FINE,0.0,0.0,S0 current; S1 immediate p+dt*v; S2 next candidate-affected segment; S3 next zero-hold segment.,0aa90e8ccad37e81b2195c3905fc747f18f8a522c71c0a833d9de3fd767be83d,0.0
E2_SHADOW_DIAGNOSTIC,"[0.8992086350917816, 2.925234794616699, 2.0752154290676117]","[0.8996173106054043, 2.925234794616699, 2.0789430937956372]","[0.9002555522666951, 2.925234794616699, 2.082734375285672]","[0.9008937939279859, 2.925234794616699, 2.086525656775707]",0.0,E1_REPLICA_GT_FINE,0.0,0.0,S0 current; S1 immediate p+dt*v; S2 next candidate-affected segment; S3 next zero-hold segment.,0b121c60bd31b77c8f5575eed58adc1e7a55ae858050bc9c9fc9b9092c4cf0b7,0.0
E2_SHADOW_DIAGNOSTIC,"[-0.06336015462875366, 2.925234794616699, 1.05478036403656]","[-0.05964120336821573, 2.925234794616699, 1.0552619255816853]","[-0.05585819967160236, 2.925234794616699, 1.0559694090148322]","[-0.05207519597498899, 2.925234794616699, 1.056676892447979]",0.0,E1_REPLICA_GT_FINE,0.0,0.0,S0 current; S1 immediate p+dt*v; S2 next candidate-affected segment; S3 next zero-hold segment.,0de405729582eada3fa4a67b8dd7c0875a9d081e2d784efb7c5911dc17987035,0.0
E2_SHADOW_DIAGNOSTIC,"[0.1480656862258911, 2.925234794616699, 0.9898174703121185]","[0.14919531929678767, 2.925234794616699, 0.9903526610492738]","[0.15051847069009294, 2.925234794616699, 0.9911110921425356]","[0.15184162208339821, 2.925234794616699, 0.9918695232357974]",0.0,E1_REPLICA_GT_FINE,0.0,0.0,S0 current; S1 immediate p+dt*v; S2 next candidate-affected segment; S3 next zero-hold segment.,0fa0f752868922b62e138a9eb25a2f6a37be9f274c001aca0097a1b03104fffa,0.0
E2_SHADOW_DIAGNOSTIC,"[0.2977430820465088, 0.12523484230041504, 0.7036833763122559]","[0.3026651110290934, 0.12523484230041504, 0.7028038135262096]","[0.307591038512414, 0.12523484230041504, 0.7017182289776778]","[0.3125169659957346, 0.12523484230041504, 0.700632644429146]",0.0,E1_REPLICA_GT_FINE,0.0,0.0,S0 current; S1 immediate p+dt*v; S2 next candidate-affected segment; S3 next zero-hold segment.,12582840ae60f713f54a96de02be975353cdfd7834eb8cd93d4f79ba458c5aa3,0.0
E2_SHADOW_DIAGNOSTIC,"[2.308898091316223, 2.925234794616699, -0.6090812385082245]","[2.3092580014785, 2.925234794616699, -0.6040942088637277]","[2.3098499159045844, 2.925234794616699, -0.5991065313978597]","[2.310441830330669, 2.925234794616699, -0.5941188539319918]",0.0,E1_REPLICA_GT_FINE,0.0,0.0,S0 current; S1 immediate p+dt*v; S2 next candidate-affected segment; S3 next zero-hold segment.,151a1a74a34a8851dacc7ea099d5f017965f7b711052f65f6c97d24e6b7fb8b0,0.0
E2_SHADOW_DIAGNOSTIC,"[-0.6565583944320679, 2.925234794616699, 0.6086075305938721]","[-0.6554287613611713, 2.925234794616699, 0.6091427213310273]","[-0.654105609967866, 2.925234794616699, 0.6099011524242891]","[-0.6527824585745607, 2.925234794616699, 0.6106595835175509]",0.0,E1_REPLICA_GT_FINE,0.0,0.0,S0 current; S1 immediate p+dt*v; S2 next candidate-affected segment; S3 next zero-hold segment.,16fe88262694ace7502b8af046b32807208de36081c7b9899ad12e38ab16a196,0.0
E2_SHADOW_DIAGNOSTIC,"[0.31934700906276703, 0.12523484230041504, 2.3388333916664124]","[0.31724060384241765, 0.12523484230041504, 2.3401798897346193]","[0.3149895189032955, 0.12523484230231324, 2.3417090628287034]","[0.3127384339641734, 0.12523484230421145, 2.3432382359227875]",0.0,E1_REPLICA_GT_FINE,0.0,0.0,S0 current; S1 immediate p+dt*v; S2 next candidate-affected segment; S3 next zero-hold segment.,18437ce3de5c711fae787001a565271d8ecfeeca74866ca2d0b6528537d04b1a,0.0
E2_SHADOW_DIAGNOSTIC,"[2.320279598236084, 2.925234794616699, -0.9045239388942719]","[2.320279598236084, 2.925234794616699, -0.9045239388942719]","[2.3200297356625383, 2.925234794616699, -0.9047738014678174]","[2.3197798730889927, 2.925234794616699, -0.9050236640413629]",0.0,E1_REPLICA_GT_FINE,0.0,0.0,S0 current; S1 immediate p+dt*v; S2 next candidate-affected segment; S3 next zero-hold segment.,18dedde110ff0022e2bbafe7e5de5fd783c0177fca853e229ad9b409122e5feb,0.0
E2_SHADOW_DIAGNOSTIC,"[4.0898131132125854, 0.12523484230041504, -0.12253284454345703]","[4.0898131132125854, 0.12523484230041504, -0.12253284454345703]","[4.08956325063904, 0.12523484230041504, -0.12278270711700254]","[4.089313388065495, 0.12523484230041504, -0.12303256969054804]",0.0,E1_REPLICA_GT_FINE,0.0,0.0,S0 current; S1 immediate p+dt*v; S2 next candidate-affected segment; S3 next zero-hold segment.,1ab9bff8b0aedb780f43ffc4b307d88a410cad36aa000e68784a86e995618db8,0.0
E2_SHADOW_DIAGNOSTIC,"[3.4841988682746887, 0.12523484230041504, -0.8104178346693516]","[3.4841988682746887, 0.12523484230041504, -0.8104178346693516]","[3.483949005701143, 0.12523484230041504, -0.8106676972428971]","[3.4836991431275974, 0.12523484230041504, -0.8109175598164426]",0.0,E1_REPLICA_GT_FINE,0.0,0.0,S0 current; S1 immediate p+dt*v; S2 next candidate-affected segment; S3 next zero-hold segment.,1b47d079ce1fdb039c02ee650d45faf683d1f0c02d701e68e9ce04f3f02032b4,0.0
E2_SHADOW_DIAGNOSTIC,"[2.9139232635498047, 2.925234794616699, 2.24300479888916]","[2.9139232635498047, 2.925234794616699, 2.24300479888916]","[2.9141731261233503, 2.925234794616699, 2.243254661462706]","[2.914422988696896, 2.925234794616699, 2.2435045240362514]",0.0,E1_REPLICA_GT_FINE,0.0,0.0,S0 current; S1 immediate p+dt*v; S2 next candidate-affected segment; S3 next zero-hold segment.,1c0b9b0faf9393a40d91912a7ecd9116c9d392161ea9fbf6bdf3ae85e0a4a305,0.0
E2_SHADOW_DIAGNOSTIC,"[1.5419844388961792, 0.12523484230041504, -1.6618530750274658]","[1.5439070632794045, 0.12523484230041504, -1.6634510473304258]","[1.545983556437411, 0.12523484230069212, -1.665219121019379]","[1.5480600495954173, 0.1252348423009692, -1.6669871947083321]",0.0,E1_REPLICA_GT_FINE,0.0,0.0,S0 current; S1 immediate p+dt*v; S2 next candidate-affected segment; S3 next zero-hold segment.,1cb740911c602d0d9f80ff7185098eb639040f83b9c62124196e3a616f6c0daa,0.0
E2_SHADOW_DIAGNOSTIC,"[2.910740852355957, 0.12523484230041504, 2.9560306072235107]","[2.913499327121229, 0.12523484230041504, 2.9518603773774044]","[2.916369878149129, 0.12523484230065368, 2.947648659030287]","[2.919240429177029, 0.12523484230089232, 2.9434369406831693]",0.0,E1_REPLICA_GT_FINE,0.0,0.0,S0 current; S1 immediate p+dt*v; S2 next candidate-affected segment; S3 next zero-hold segment.,1e3a8db5cf56d8657520e12aa8a311440dd3d323f43e579c810f2f48f60b1f71,0.0
E2_SHADOW_DIAGNOSTIC,"[2.333385407924652, 2.925234794616699, -0.26977719366550446]","[2.333385407924652, 2.925234794616699, -0.26977719366550446]","[2.3336352704981977, 2.925234794616699, -0.2695273310919589]","[2.3338851330717434, 2.925234794616699, -0.2692774685184134]",0.0,E1_REPLICA_GT_FINE,0.0,0.0,S0 current; S1 immediate p+dt*v; S2 next candidate-affected segment; S3 next zero-hold segment.,1f0c533c1236c8c97be6c7a76973ba2546749a4ca9297e8e5b7ffb80d7f1bc84,0.0
E2_SHADOW_DIAGNOSTIC,"[0.09646345674991608, 2.925234794616699, 1.377356767654419]","[0.09646345674991608, 2.925234794616699, 1.377356767654419]","[0.09621359417637057, 2.925234794616699, 1.3771069050808735]","[0.09596373160282506, 2.925234794616699, 1.376857042507328]",0.0,E1_REPLICA_GT_FINE,0.0,0.0,S0 current; S1 immediate p+dt*v; S2 next candidate-affected segment; S3 next zero-hold segment.,1f5ecb8605c1df18e88b1c245ab84bafd839d6122148ab528c2b7deab1dc9b6b,0.0
E2_SHADOW_DIAGNOSTIC,"[2.369254231452942, 2.925234794616699, -0.2259158492088318]","[2.369157993918185, 2.925234794616699, -0.22341770222818713]","[2.3689242995285777, 2.925234794616699, -0.2207944627015353]","[2.3686906051389705, 2.925234794616699, -0.21817122317488347]",0.0,E1_REPLICA_GT_FINE,0.0,0.0,S0 current; S1 immediate p+dt*v; S2 next candidate-affected segment; S3 next zero-hold segment.,1f9cbbe192ea4ef9acc65f459259fd452230124102140cbb868bbdd6fae03712,0.0
E2_SHADOW_DIAGNOSTIC,"[-0.32530006766319275, 2.925234794616699, 0.8025947138667107]","[-0.32341689653568895, 2.925234794616699, 0.8009504308909015]","[-0.3213778839664271, 2.925234794616699, 0.7991383620663399]","[-0.3193388713971652, 2.925234794616699, 0.7973262932417784]",0.0,E1_REPLICA_GT_FINE,0.0,0.0,S0 current; S1 immediate p+dt*v; S2 next candidate-affected segment; S3 next zero-hold segment.,204bf2b567d88f8e931cfe6bec4e7c00686259e0c3ee261eba2d37598286a280,0.0
E2_SHADOW_DIAGNOSTIC,"[-0.12014234066009521, 2.925234794616699, 0.8627474904060364]","[-0.11675344144740553, 2.925234794616699, 0.8643530626175022]","[-0.11328398719770931, 2.925234794616699, 0.8661283562069795]","[-0.10981453294801309, 2.925234794616699, 0.8679036497964567]",0.0,E1_REPLICA_GT_FINE,0.0,0.0,S0 current; S1 immediate p+dt*v; S2 next candidate-affected segment; S3 next zero-hold segment.,21762d6d6a7f8ee822b1fc7c0ab62680934b41ce005493f9d92edff6e349ce03,0.0
E2_SHADOW_DIAGNOSTIC,"[1.1486784219741821, 0.12523484230041504, 0.6198881715536118]","[1.1461808930376356, 0.12523484230041504, 0.6199992985580379]","[1.1435582405492597, 0.12523484230041504, 0.6203548690539502]","[1.1409355880608838, 0.12523484230041504, 0.6207104395498625]",0.0,E1_REPLICA_GT_FINE,0.0,0.0,S0 current; S1 immediate p+dt*v; S2 next candidate-affected segment; S3 next zero-hold segment.,2211e7fc233d3f44550a3487042a97d8b30645fc3956b09e879d5faa3cb90649,0.0
E2_SHADOW_DIAGNOSTIC,"[1.108504295349121, 0.12523484230041504, 1.834372639656067]","[1.107823226200072, 0.12523484230041504, 1.8354208022456557]","[1.1069262105162812, 0.1252348422959185, 1.8366665567035427]","[1.1060291948324903, 0.12523484229142196, 1.8379123111614297]",0.0,E1_REPLICA_GT_FINE,0.0,0.0,S0 current; S1 immediate p+dt*v; S2 next candidate-affected segment; S3 next zero-hold segment.,22729b41d07f36ef7c2897a21d8d89d3c7b2abb21f5249b5a721a1dfce0f7e0a,0.0
E2_SHADOW_DIAGNOSTIC,"[0.9492912963032722, 0.12523484230041504, 1.9389313161373138]","[0.9451119618029504, 0.12523484230041504, 1.941675976978733]","[0.9408915940286263, 0.1252348422978664, 1.944533404745547]","[0.9366712262543022, 0.12523484229531778, 1.9473908325123608]",0.0,E1_REPLICA_GT_FINE,0.0,0.0,S0 current; S1 immediate p+dt*v; S2 next candidate-affected segment; S3 next zero-hold segment.,22a6fc41ce4db8d437f1cfbb962471b280dc2d651916775c2250a645c8546915,0.0
E2_SHADOW_DIAGNOSTIC,"[-0.06336015462875366, 2.925234794616699, 1.05478036403656]","[-0.06336015462875366, 2.925234794616699, 1.05478036403656]","[-0.06311029205520813, 2.925234794616699, 1.0550302266101055]","[-0.0628604294816626, 2.925234794616699, 1.055280089183651]",0.0,E1_REPLICA_GT_FINE,0.0,0.0,S0 current; S1 immediate p+dt*v; S2 next candidate-affected segment; S3 next zero-hold segment.,235e1bb5094b3e24617a36b9db8b226891327b847618ba7632b3dfe1e67ead91,0.0
E2_SHADOW_DIAGNOSTIC,"[0.5582714676856995, 2.925234794616699, 0.7475411891937256]","[0.5578229048239035, 2.925234794616699, 0.7487079331069376]","[0.5571467703497477, 2.925234794616699, 0.7500663397860259]","[0.5564706358755919, 2.925234794616699, 0.7514247464651141]",0.0,E1_REPLICA_GT_FINE,0.0,0.0,S0 current; S1 immediate p+dt*v; S2 next candidate-affected segment; S3 next zero-hold segment.,241d4b8b592a08407d1f663e2e0439e35140b1b8356e32ca03083b8da5f7e9bb,0.0
E2_SHADOW_DIAGNOSTIC,"[1.1943452209234238, 2.925234794616699, 1.6375038027763367]","[1.198561476926402, 2.925234794616699, 1.6401914012056693]","[1.202816920126764, 2.9252347946160913, 1.642994619706173]","[1.207072363327126, 2.9252347946154833, 1.645797838206677]",0.0,E1_REPLICA_GT_FINE,0.0,0.0,S0 current; S1 immediate p+dt*v; S2 next candidate-affected segment; S3 next zero-hold segment.,274a5a83db528364efc054111e3a2be386dd22d2d5d7303088c67a50d6b04b8f,0.0
E2_SHADOW_DIAGNOSTIC,"[-1.8436552584171295, 0.19184303283691406, 4.425761699676514]","[-1.844376882274539, 0.19201981331833948, 4.428148749669665]","[-1.8453124247981647, 0.19243775313109718, 4.430666447137044]","[-1.8462479673217904, 0.19285569294385488, 4.433184144604423]",0.0,E1_REPLICA_GT_FINE,0.0,0.0,S0 current; S1 immediate p+dt*v; S2 next candidate-affected segment; S3 next zero-hold segment.,274cfe4d06a4bba970b364b3ced72c1758f65f383a4ff23eecf36593964775dd,0.0
E2_SHADOW_DIAGNOSTIC,"[-0.2606537900865078, 2.925234794616699, 0.04324399679899216]","[-0.2652788283172494, 2.925234794616699, 0.0451437392457934]","[-0.2699226146357177, 2.925234794616699, 0.04719849456646674]","[-0.274566400954186, 2.925234794616699, 0.04925324988714008]",0.0,E1_REPLICA_GT_FINE,0.0,0.0,S0 current; S1 immediate p+dt*v; S2 next candidate-affected segment; S3 next zero-hold segment.,284cffa5c7386cbcb13718924fef577ac22e98e0a3cc1d74a6c3f333d125aca5,0.0
E2_SHADOW_DIAGNOSTIC,"[0.312, -0.030000000000000096, 0.049999999999999975]","[0.312, -0.030000000000000096, 0.049999999999999975]","[0.312, -0.030000000000000096, 0.049999999999999975]","[0.312, -0.030000000000000096, 0.049999999999999975]",0.0,E5_STONEHENGE_SAFER,0.0,0.0,S0 current; S1 immediate p+dt*v; S2 next candidate-affected segment; S3 next zero-hold segment.,0134302ab41076889b51193a28030c4b4c593c7d49d324db7384fadf8e4292c7,0.0
E2_SHADOW_DIAGNOSTIC,"[0.12667238330331693, 0.3030923685402096, 0.04333230999483709]","[0.12667238330331693, 0.3030923685402096, 0.04333230999483709]","[0.12667238330331693, 0.3030923685402096, 0.04333230999483709]","[0.12667238330331693, 0.3030923685402096, 0.04333230999483709]",0.0,E5_STONEHENGE_SAFER,0.0,0.0,S0 current; S1 immediate p+dt*v; S2 next candidate-affected segment; S3 next zero-hold segment.,04064bec00d45d558ae52ec3b1ab673505dd7df8e23062cb792b4e5a0fc2403d,0.0
E2_SHADOW_DIAGNOSTIC,"[-0.036551425638803745, -0.4195846780688116, 0.04104006225708665]","[-0.036551425638803745, -0.4195846780688116, 0.04104006225708665]","[-0.036551425638803745, -0.4195846780688116, 0.04104006225708665]","[-0.036551425638803745, -0.4195846780688116, 0.04104006225708665]",0.0,E5_STONEHENGE_SAFER,0.0,0.0,S0 current; S1 immediate p+dt*v; S2 next candidate-affected segment; S3 next zero-hold segment.,05a9e9b395bb7c2e10574895b494e9e50c644712cd2ab1299f0e2779d8487a1a,0.0
E2_SHADOW_DIAGNOSTIC,"[-0.4028812199204944, 0.19228746663420618, 0.052511479871810776]","[-0.4028812199204944, 0.19228746663420618, 0.052511479871810776]","[-0.4028812199204944, 0.19228746663420618, 0.052511479871810776]","[-0.4028812199204944, 0.19228746663420618, 0.052511479871810776]",0.0,E5_STONEHENGE_SAFER,0.0,0.0,S0 current; S1 immediate p+dt*v; S2 next candidate-affected segment; S3 next zero-hold segment.,065ccf3dc76d0069d660b8edf46e507c115799568da9d9ad3e9edab220dc4a2b,0.0
E2_SHADOW_DIAGNOSTIC,"[-0.40288121992049447, -0.2522874666342061, 0.04748852012818921]","[-0.40288121992049447, -0.2522874666342061, 0.04748852012818921]","[-0.40288121992049447, -0.2522874666342061, 0.04748852012818921]","[-0.40288121992049447, -0.2522874666342061, 0.04748852012818921]",0.0,E5_STONEHENGE_SAFER,0.0,0.0,S0 current; S1 immediate p+dt*v; S2 next candidate-affected segment; S3 next zero-hold segment.,09472ebc63bedd15e2296b7fc3e573f29430b68dd46cf1de5a6edea99dedc6bf,0.0
E2_SHADOW_DIAGNOSTIC,"[0.23566594095217502, -0.26241990818941896, 0.049365760803434355]","[0.23566594095217502, -0.26241990818941896, 0.049365760803434355]","[0.23566594095217502, -0.26241990818941896, 0.049365760803434355]","[0.23566594095217502, -0.26241990818941896, 0.049365760803434355]",0.0,E5_STONEHENGE_SAFER,0.0,0.0,S0 current; S1 immediate p+dt*v; S2 next candidate-affected segment; S3 next zero-hold segment.,0b90fd0f638a4595adf145ced7e3d338f215e7736437cc62d7fe98a588e95b21,0.0
E2_SHADOW_DIAGNOSTIC,"[-0.061347888997093064, 0.36155599695973917, 0.054582265217274106]","[-0.061347888997093064, 0.36155599695973917, 0.054582265217274106]","[-0.061347888997093064, 0.36155599695973917, 0.054582265217274106]","[-0.061347888997093064, 0.36155599695973917, 0.054582265217274106]",0.0,E5_STONEHENGE_SAFER,0.0,0.0,S0 current; S1 immediate p+dt*v; S2 next candidate-affected segment; S3 next zero-hold segment.,0d858158bd5fe799ce2a64711e6bab8ab455e20123047c69ef13c8d2f6b13cb4,0.0
E2_SHADOW_DIAGNOSTIC,"[-0.1844577349664936, -0.4078261261554973, 0.05429794912089177]","[-0.1844577349664936, -0.4078261261554973, 0.05429794912089177]","[-0.1844577349664936, -0.4078261261554973, 0.05429794912089177]","[-0.1844577349664936, -0.4078261261554973, 0.05429794912089177]",0.0,E5_STONEHENGE_SAFER,0.0,0.0,S0 current; S1 immediate p+dt*v; S2 next candidate-affected segment; S3 next zero-hold segment.,1101555f9fce4f795ffe0e826b025d9fed439a1a83e9e7c7d7a748e22a44b50e,0.0
E2_SHADOW_DIAGNOSTIC,"[-0.18445773496649376, 0.34782612615549735, 0.04570205087910828]","[-0.18445773496649376, 0.34782612615549735, 0.04570205087910828]","[-0.18445773496649376, 0.34782612615549735, 0.04570205087910828]","[-0.18445773496649376, 0.34782612615549735, 0.04570205087910828]",0.0,E5_STONEHENGE_SAFER,0.0,0.0,S0 current; S1 immediate p+dt*v; S2 next candidate-affected segment; S3 next zero-hold segment.,12680aa8e57e77f07ce02945688cfcbfa27e0d364efbdfbbf25027649e693063,0.0
E2_SHADOW_DIAGNOSTIC,"[-0.1602842138815547, -0.41369055891619333, 0.05881453363447582]","[-0.1602842138815547, -0.41369055891619333, 0.05881453363447582]","[-0.1602842138815547, -0.41369055891619333, 0.05881453363447582]","[-0.1602842138815547, -0.41369055891619333, 0.05881453363447582]",0.0,E5_STONEHENGE_SAFER,0.0,0.0,S0 current; S1 immediate p+dt*v; S2 next candidate-affected segment; S3 next zero-hold segment.,18b57d334b373ccb3813d95216cf27c2317d73517b2fe189c8859c2382203d63,0.0
E2_SHADOW_DIAGNOSTIC,"[0.29943589094737166, -0.12845001097498313, 0.0443294013613723]","[0.29943589094737166, -0.12845001097498313, 0.0443294013613723]","[0.29943589094737166, -0.12845001097498313, 0.0443294013613723]","[0.29943589094737166, -0.12845001097498313, 0.0443294013613723]",0.0,E5_STONEHENGE_SAFER,0.0,0.0,S0 current; S1 immediate p+dt*v; S2 next candidate-affected segment; S3 next zero-hold segment.,1c881c67b31fe8bbe272c089b8ca97a57ff7b87108a0137e98657bfd217fca0b,0.0
E2_SHADOW_DIAGNOSTIC,"[0.12667238330331693, -0.36309236854020965, 0.05666769000516292]","[0.12667238330331693, -0.36309236854020965, 0.05666769000516292]","[0.12667238330331693, -0.36309236854020965, 0.05666769000516292]","[0.12667238330331693, -0.36309236854020965, 0.05666769000516292]",0.0,E5_STONEHENGE_SAFER,0.0,0.0,S0 current; S1 immediate p+dt*v; S2 next candidate-affected segment; S3 next zero-hold segment.,22a6245662231278eba445286d6dd129447860bcbe2d184bbea5b9564fac526c,0.0
E2_SHADOW_DIAGNOSTIC,"[-0.2540741121414634, -0.3812295595222037, 0.040061615355387464]","[-0.2540741121414634, -0.3812295595222037, 0.040061615355387464]","[-0.2540741121414634, -0.3812295595222037, 0.040061615355387464]","[-0.2540741121414634, -0.3812295595222037, 0.040061615355387464]",0.0,E5_STONEHENGE_SAFER,0.0,0.0,S0 current; S1 immediate p+dt*v; S2 next candidate-affected segment; S3 next zero-hold segment.,24fd31d3054097eae6b1e972550278f895095a40321f77a25cbd7d6770c715bb,0.0
E2_SHADOW_DIAGNOSTIC,"[-0.416329497988111, -0.23136153749677532, 0.04223853535708243]","[-0.416329497988111, -0.23136153749677532, 0.04223853535708243]","[-0.416329497988111, -0.23136153749677532, 0.04223853535708243]","[-0.416329497988111, -0.23136153749677532, 0.04223853535708243]",0.0,E5_STONEHENGE_SAFER,0.0,0.0,S0 current; S1 immediate p+dt*v; S2 next candidate-affected segment; S3 next zero-hold segment.,2a728f39f8e92f814cdb8b1403095b107ea880f2d89b1a0eb3f7baf49a53628b,0.0
E2_SHADOW_DIAGNOSTIC,"[0.3112107771769787, -0.005137823494626711, 0.055929079290546406]","[0.3112107771769787, -0.005137823494626711, 0.055929079290546406]","[0.3112107771769787, -0.005137823494626711, 0.055929079290546406]","[0.3112107771769787, -0.005137823494626711, 0.055929079290546406]",0.0,E5_STONEHENGE_SAFER,0.0,0.0,S0 current; S1 immediate p+dt*v; S2 next candidate-affected segment; S3 next zero-hold segment.,2e3d48baf1265ee26352b4abbe25460e417a7ea161ee4950fe118d17f9193205,0.0
E2_SHADOW_DIAGNOSTIC,"[-0.11106598308786111, 0.3607670721731614, 0.04287305828621135]","[-0.11106598308786111, 0.3607670721731614, 0.04287305828621135]","[-0.11106598308786111, 0.3607670721731614, 0.04287305828621135]","[-0.11106598308786111, 0.3607670721731614, 0.04287305828621135]",0.0,E5_STONEHENGE_SAFER,0.0,0.0,S0 current; S1 immediate p+dt*v; S2 next candidate-affected segment; S3 next zero-hold segment.,31a4d33620a77352190d0accd58a0c800b4e525862c8d7ba91a5f43ff4fb881b,0.0
E2_SHADOW_DIAGNOSTIC,"[0.3112107771769787, -0.05486217650537329, 0.04407092070945363]","[0.3112107771769787, -0.05486217650537329, 0.04407092070945363]","[0.3112107771769787, -0.05486217650537329, 0.04407092070945363]","[0.3112107771769787, -0.05486217650537329, 0.04407092070945363]",0.0,E5_STONEHENGE_SAFER,0.0,0.0,S0 current; S1 immediate p+dt*v; S2 next candidate-affected segment; S3 next zero-hold segment.,346c2334d2d03b7b245a40a87ffc5d785547d36afac94c811e06bcb61773d857,0.0
E2_SHADOW_DIAGNOSTIC,"[0.24977138486982303, -0.2419312004425942, 0.055406408174555985]","[0.24977138486982303, -0.2419312004425942, 0.055406408174555985]","[0.24977138486982303, -0.2419312004425942, 0.055406408174555985]","[0.24977138486982303, -0.2419312004425942, 0.055406408174555985]",0.0,E5_STONEHENGE_SAFER,0.0,0.0,S0 current; S1 immediate p+dt*v; S2 next candidate-affected segment; S3 next zero-hold segment.,352c7f5f48f590fca9a7d5068226a9cde0a49ad2c23a06dac8a09558b4f4f885,0.0
E2_SHADOW_DIAGNOSTIC,"[0.16717664549713285, 0.2742494140023687, 0.05513677391573406]","[0.16717664549713285, 0.2742494140023687, 0.05513677391573406]","[0.16717664549713285, 0.2742494140023687, 0.05513677391573406]","[0.16717664549713285, 0.2742494140023687, 0.05513677391573406]",0.0,E5_STONEHENGE_SAFER,0.0,0.0,S0 current; S1 immediate p+dt*v; S2 next candidate-affected segment; S3 next zero-hold segment.,3790da6b1aed9c99b4c67c2d2c4ab37af16c1cc254d4c4be0956d958c295dd6a,0.0
E2_SHADOW_DIAGNOSTIC,"[0.27394720300835546, -0.1984796055389554, 0.059638421585599434]","[0.27394720300835546, -0.1984796055389554, 0.059638421585599434]","[0.27394720300835546, -0.1984796055389554, 0.059638421585599434]","[0.27394720300835546, -0.1984796055389554, 0.059638421585599434]",0.0,E5_STONEHENGE_SAFER,0.0,0.0,S0 current; S1 immediate p+dt*v; S2 next candidate-affected segment; S3 next zero-hold segment.,38b33526102f26cb985a944f9605898e443c349c2c238de81d799dfcc3e6c41b,0.0
E2_SHADOW_DIAGNOSTIC,"[0.23566594095217497, 0.20241990818941905, 0.05063423919656564]","[0.23566594095217497, 0.20241990818941905, 0.05063423919656564]","[0.23566594095217497, 0.20241990818941905, 0.05063423919656564]","[0.23566594095217497, 0.20241990818941905, 0.05063423919656564]",0.0,E5_STONEHENGE_SAFER,0.0,0.0,S0 current; S1 immediate p+dt*v; S2 next candidate-affected segment; S3 next zero-hold segment.,3d26d4945e5eb287bb0f08d98a5584ac6865560cbf85f1082a2b8e23846f087a,0.0
E2_SHADOW_DIAGNOSTIC,"[0.22028942170263938, 0.2219727429971234, 0.05642787609686539]","[0.22028942170263938, 0.2219727429971234, 0.05642787609686539]","[0.22028942170263938, 0.2219727429971234, 0.05642787609686539]","[0.22028942170263938, 0.2219727429971234, 0.05642787609686539]",0.0,E5_STONEHENGE_SAFER,0.0,0.0,S0 current; S1 immediate p+dt*v; S2 next candidate-affected segment; S3 next zero-hold segment.,3f1caa229d82e8e450cd7afcfa76727cab1fe45b4dd08d574918bae23c9bbdc4,0.0
E2_SHADOW_DIAGNOSTIC,"[-0.33670540770655183, -0.3262538331468692, 0.0575574957435426]","[-0.33670540770655183, -0.3262538331468692, 0.0575574957435426]","[-0.33670540770655183, -0.3262538331468692, 0.0575574957435426]","[-0.33670540770655183, -0.3262538331468692, 0.0575574957435426]",0.0,E5_STONEHENGE_SAFER,0.0,0.0,S0 current; S1 immediate p+dt*v; S2 next candidate-affected segment; S3 next zero-hold segment.,402e4211a0f090cd9581637f2218fdcc2e21901ee895e69723ac6c34e54b9a92,0.0
E2_SHADOW_DIAGNOSTIC,"[-0.37214366427289586, 0.23137344820238634, 0.041502745700504856]","[-0.37214366427289586, 0.23137344820238634, 0.041502745700504856]","[-0.37214366427289586, 0.23137344820238634, 0.041502745700504856]","[-0.37214366427289586, 0.23137344820238634, 0.041502745700504856]",0.0,E5_STONEHENGE_SAFER,0.0,0.0,S0 current; S1 immediate p+dt*v; S2 next candidate-affected segment; S3 next zero-hold segment.,40c746c87378efda13846a5182c76791b53153064539d49d11771fc56a585f58,0.0
E2_SHADOW_DIAGNOSTIC,"[-0.13578741660312782, 0.3580100052173256, 0.04010178558119067]","[-0.13578741660312782, 0.3580100052173256, 0.04010178558119067]","[-0.13578741660312782, 0.3580100052173256, 0.04010178558119067]","[-0.13578741660312782, 0.3580100052173256, 0.04010178558119067]",0.0,E5_STONEHENGE_SAFER,0.0,0.0,S0 current; S1 immediate p+dt*v; S2 next candidate-affected segment; S3 next zero-hold segment.,420d81ff82b0c93b992a551ca1aa6ca74054ba7c59f6339dbf8d45ae11443ddc,0.0
E2_SHADOW_DIAGNOSTIC,"[-0.2971366650355152, 0.2963673830168304, 0.05400930535406616]","[-0.2971366650355152, 0.2963673830168304, 0.05400930535406616]","[-0.2971366650355152, 0.2963673830168304, 0.05400930535406616]","[-0.2971366650355152, 0.2963673830168304, 0.05400930535406616]",0.0,E5_STONEHENGE_SAFER,0.0,0.0,S0 current; S1 immediate p+dt*v; S2 next candidate-affected segment; S3 next zero-hold segment.,4973ebd65bf5c9a2830199a51b00a460ac220c12e85a32b7bb8c8a218905d204,0.0
E2_SHADOW_DIAGNOSTIC,"[0.20370374293718746, -0.3005109725009879, 0.04028188431676458]","[0.20370374293718746, -0.3005109725009879, 0.04028188431676458]","[0.20370374293718746, -0.3005109725009879, 0.04028188431676458]","[0.20370374293718746, -0.3005109725009879, 0.04028188431676458]",0.0,E5_STONEHENGE_SAFER,0.0,0.0,S0 current; S1 immediate p+dt*v; S2 next candidate-affected segment; S3 next zero-hold segment.,4cb10c353901921fc6bbcb50852810cb4ee8da51d6085eb99ffb4c8fbfdb5d3f,0.0
E2_SHADOW_DIAGNOSTIC,"[-0.38813281313917275, 0.21231832259847724, 0.04628337544339673]","[-0.38813281313917275, 0.21231832259847724, 0.04628337544339673]","[-0.38813281313917275, 0.21231832259847724, 0.04628337544339673]","[-0.38813281313917275, 0.21231832259847724, 0.04628337544339673]",0.0,E5_STONEHENGE_SAFER,0.0,0.0,S0 current; S1 immediate p+dt*v; S2 next candidate-affected segment; S3 next zero-hold segment.,563bc8997736bb471ed161714451176a26c82e37c1c86862d8d18059b46281ed,0.0
E2_SHADOW_DIAGNOSTIC,"[0.10513026131089169, -0.3755297184714521, 0.059788024462147794]","[0.10513026131089169, -0.3755297184714521, 0.059788024462147794]","[0.10513026131089169, -0.3755297184714521, 0.059788024462147794]","[0.10513026131089169, -0.3755297184714521, 0.059788024462147794]",0.0,E5_STONEHENGE_SAFER,0.0,0.0,S0 current; S1 immediate p+dt*v; S2 next candidate-affected segment; S3 next zero-hold segment.,591e9d6a822894b09185290e0772c77cd1df78239bc081ceaec6ac0103b4bc3c,0.0
E2_SHADOW_DIAGNOSTIC,"[-0.354978155980878, 0.2493761151805142, 0.040031452240480575]","[-0.354978155980878, 0.2493761151805142, 0.040031452240480575]","[-0.354978155980878, 0.2493761151805142, 0.040031452240480575]","[-0.354978155980878, 0.2493761151805142, 0.040031452240480575]",0.0,E5_STONEHENGE_SAFER,0.0,0.0,S0 current; S1 immediate p+dt*v; S2 next candidate-affected segment; S3 next zero-hold segment.,5a07835e9ae5cc487172a9a5722cb9653f6eabd943f1bf643056ed9455f1e455,0.0
E2_SHADOW_DIAGNOSTIC,"[-0.41632949798811103, 0.17136153749677527, 0.057761464642917565]","[-0.41632949798811103, 0.17136153749677527, 0.057761464642917565]","[-0.41632949798811103, 0.17136153749677527, 0.057761464642917565]","[-0.41632949798811103, 0.17136153749677527, 0.057761464642917565]",0.0,E5_STONEHENGE_SAFER,0.0,0.0,S0 current; S1 immediate p+dt*v; S2 next candidate-affected segment; S3 next zero-hold segment.,5bb553d5d5428e6660ada112b8a9a833d27f7875a0860cc0f04d4ba667119ea2,0.0
E2_SHADOW_DIAGNOSTIC,"[0.3049160493269811, -0.10418648778928062, 0.04054999181285331]","[0.3049160493269811, -0.10418648778928062, 0.04054999181285331]","[0.3049160493269811, -0.10418648778928062, 0.04054999181285331]","[0.3049160493269811, -0.10418648778928062, 0.04054999181285331]",0.0,E5_STONEHENGE_SAFER,0.0,0.0,S0 current; S1 immediate p+dt*v; S2 next candidate-affected segment; S3 next zero-hold segment.,5da504b0103fee60d127a07e33fbd66c35003cf0f794b1b85f5f85bdff77a22e,0.0
E2_SHADOW_DIAGNOSTIC,"[0.16840438675652514, 0.2816429264469043, -0.06276165028273188]","[0.16840438675652514, 0.2816429264469043, -0.06276165028273188]","[0.16817911439399988, 0.2816655080252845, -0.06257154944555401]","[0.16795384203147462, 0.2816880896036647, -0.06238144860837615]",0.0,E6_FLIGHT_SAFER,0.0,0.0,S0 current; S1 immediate p+dt*v; S2 next candidate-affected segment; S3 next zero-hold segment.,01aeadade59622e7afcd1c10e9715e32030cf02026456c4aed3d403c69efd0b8,0.0
E2_SHADOW_DIAGNOSTIC,"[0.22020340947302547, -0.2608209815656918, -0.0737596264574801]","[0.22020340947302547, -0.2608209815656918, -0.0737596264574801]","[0.22020340947302547, -0.2608209815656918, -0.0737596264574801]","[0.22020340947302547, -0.2608209815656918, -0.0737596264574801]",0.0,E6_FLIGHT_SAFER,0.0,0.0,S0 current; S1 immediate p+dt*v; S2 next candidate-affected segment; S3 next zero-hold segment.,06acbdd51434ffeec1da7bb9007aeab82aa77a0b3e8ed604e04307c987ac45ad,0.0
E2_SHADOW_DIAGNOSTIC,"[0.25424430992631897, -0.2548186523681651, -0.06140474068892668]","[0.25424430992631897, -0.2548186523681651, -0.06140474068892668]","[0.25424430992631897, -0.2548186523681651, -0.06140474068892668]","[0.25424430992631897, -0.2548186523681651, -0.06140474068892668]",0.0,E6_FLIGHT_SAFER,0.0,0.0,S0 current; S1 immediate p+dt*v; S2 next candidate-affected segment; S3 next zero-hold segment.,0777bee697e0cc7a147ae5244e26b119fd90ec1854bb36270068ed0a8246e0cb,0.0
E2_SHADOW_DIAGNOSTIC,"[0.4575755700040876, -0.041570964088211655, -0.07670004912288013]","[0.4575755700040876, -0.041570964088211655, -0.07670004912288013]","[0.4575755700040876, -0.041570964088211655, -0.07670004912288013]","[0.4575755700040876, -0.041570964088211655, -0.07670004912288013]",0.0,E6_FLIGHT_SAFER,0.0,0.0,S0 current; S1 immediate p+dt*v; S2 next candidate-affected segment; S3 next zero-hold segment.,08337021ba1c3d87414d7f0f7acfcac0e371afc3fbe6a5cb191cdda80fedcd5d,0.0
E2_SHADOW_DIAGNOSTIC,"[-0.0241994683174096, 0.17844832374511493, -0.04229974733961962]","[-0.0241994683174096, 0.17844832374511493, -0.04229974733961962]","[-0.0241994683174096, 0.17844832374511493, -0.04229974733961962]","[-0.0241994683174096, 0.17844832374511493, -0.04229974733961962]",0.0,E6_FLIGHT_SAFER,0.0,0.0,S0 current; S1 immediate p+dt*v; S2 next candidate-affected segment; S3 next zero-hold segment.,09ef865ed528a671c50c220cb21c300d9a39d74179470423445cafdbdef72da2,0.0
E2_SHADOW_DIAGNOSTIC,"[0.4537660211305071, -0.05843782650684414, -0.054023591831766235]","[0.4537660211305071, -0.05843782650684414, -0.054023591831766235]","[0.4537660211305071, -0.05843782650684414, -0.054023591831766235]","[0.4537660211305071, -0.05843782650684414, -0.054023591831766235]",0.0,E6_FLIGHT_SAFER,0.0,0.0,S0 current; S1 immediate p+dt*v; S2 next candidate-affected segment; S3 next zero-hold segment.,0e45383538fdd57d52ada874c7a69b2ebbbffb82a95fb21c48898300a56c1a95,0.0
E2_SHADOW_DIAGNOSTIC,"[0.43604748168310425, -0.10711911354429936, 0.037830529513596584]","[0.43604748168310425, -0.10711911354429936, 0.037830529513596584]","[0.43579754908708945, -0.10686918801876183, 0.03758059230341792]","[0.43554761649107465, -0.1066192624932243, 0.037330655093239254]",0.0,E6_FLIGHT_SAFER,0.0,0.0,S0 current; S1 immediate p+dt*v; S2 next candidate-affected segment; S3 next zero-hold segment.,109361dab8f9d2e7187eaa6d9b480caa32019d3f888db481c19fe6316dd7f7ed,0.0
E2_SHADOW_DIAGNOSTIC,"[-0.059639554650238985, -0.09925357089830227, -0.06995419127808639]","[-0.059639554650238985, -0.09925357089830227, -0.06995419127808639]","[-0.059639554650238985, -0.09925357089830227, -0.06995419127808639]","[-0.059639554650238985, -0.09925357089830227, -0.06995419127808639]",0.0,E6_FLIGHT_SAFER,0.0,0.0,S0 current; S1 immediate p+dt*v; S2 next candidate-affected segment; S3 next zero-hold segment.,11d9fd665d3c71d1b6818c174bc38df1413d28acca5abcbd22d77a09a8fa9898,0.0
E2_SHADOW_DIAGNOSTIC,"[-0.05220765975846667, -0.11486672717071932, -0.07993204035098048]","[-0.05220765975846667, -0.11486672717071932, -0.07993204035098048]","[-0.05220765975846667, -0.11486672717071932, -0.07993204035098048]","[-0.05220765975846667, -0.11486672717071932, -0.07993204035098048]",0.0,E6_FLIGHT_SAFER,0.0,0.0,S0 current; S1 immediate p+dt*v; S2 next candidate-affected segment; S3 next zero-hold segment.,12f81f928f7d3103015be971d8f4da05ac17c0078f71afe8efcd4556f0b5c897,0.0
E2_SHADOW_DIAGNOSTIC,"[0.23731912841423855, 0.2783601126958267, 0.03908846518073247]","[0.23731912841423855, 0.2783601126958267, 0.03908846518073247]","[0.23731912841423855, 0.2783601126958267, 0.03908846518073247]","[0.23731912841423855, 0.2783601126958267, 0.03908846518073247]",0.0,E6_FLIGHT_SAFER,0.0,0.0,S0 current; S1 immediate p+dt*v; S2 next candidate-affected segment; S3 next zero-hold segment.,131f912dbb698c5a5c1a7d4b8a3957e861031d3bc1cc486897d29b823078532a,0.0
E2_SHADOW_DIAGNOSTIC,"[-0.04380048010653126, 0.14997708920375324, 0.02656878785750538]","[-0.04380048010653126, 0.14997708920375324, 0.02656878785750538]","[-0.043550480109637475, 0.149737578071741, 0.02639067103784431]","[-0.04330048011274369, 0.14949806693972878, 0.026212554218183238]",0.0,E6_FLIGHT_SAFER,0.0,0.0,S0 current; S1 immediate p+dt*v; S2 next candidate-affected segment; S3 next zero-hold segment.,161062cebfee5425da5f7df3b7ccabbe6c31fb5f2c6fc7e0086b29c6fbcb2bef,0.0
E2_SHADOW_DIAGNOSTIC,"[0.011550449999909757, -0.19594175901153535, 0.025344974461255606]","[0.011550449999909757, -0.19594175901153535, 0.025344974461255606]","[0.011550449999909757, -0.19594175901153535, 0.025344974461255606]","[0.011550449999909757, -0.19594175901153535, 0.025344974461255606]",0.0,E6_FLIGHT_SAFER,0.0,0.0,S0 current; S1 immediate p+dt*v; S2 next candidate-affected segment; S3 next zero-hold segment.,17e4d81bd69626f3f986d4dcf7074107ecfe54e4f4812a0599cc0668e9fc7bcb,0.0
E2_SHADOW_DIAGNOSTIC,"[0.2373191284142384, -0.2583601126958267, -0.07908846518073248]","[0.2373191284142384, -0.2583601126958267, -0.07908846518073248]","[0.2373191284142384, -0.2583601126958267, -0.07908846518073248]","[0.2373191284142384, -0.2583601126958267, -0.07908846518073248]",0.0,E6_FLIGHT_SAFER,0.0,0.0,S0 current; S1 immediate p+dt*v; S2 next candidate-affected segment; S3 next zero-hold segment.,1852257ab75df5333501077e7249e4eacf9e9f7ddd6a045155491720680ebe7b,0.0
E2_SHADOW_DIAGNOSTIC,"[-0.0812660989011656, -0.01590277180038977, 0.028874557123020037]","[-0.0812660989011656, -0.01590277180038977, 0.028874557123020037]","[-0.08101617126898002, -0.015652845094394345, 0.028624607998544008]","[-0.08076624363679444, -0.01540291838839892, 0.028374658874067978]",0.0,E6_FLIGHT_SAFER,0.0,0.0,S0 current; S1 immediate p+dt*v; S2 next candidate-affected segment; S3 next zero-hold segment.,1c099e1b0ea88dfff3671a2ec0cf87b7521c147b2d4ff830884083bd8868ad06,0.0
E2_SHADOW_DIAGNOSTIC,"[0.287251495383785, -0.24455529192224162, 0.00917180416602792]","[0.287251495383785, -0.24455529192224162, 0.00917180416602792]","[0.287251495383785, -0.24455529192224162, 0.00917180416602792]","[0.287251495383785, -0.24455529192224162, 0.00917180416602792]",0.0,E6_FLIGHT_SAFER,0.0,0.0,S0 current; S1 immediate p+dt*v; S2 next candidate-affected segment; S3 next zero-hold segment.,235fea86defd92cc44d77db4afa37c47fbf190442e8c91dba356302e61a9a3ef,0.0
E2_SHADOW_DIAGNOSTIC,"[0.11738588576946545, 0.27264698820758426, -0.04578769472535034]","[0.11738588576946545, 0.27264698820758426, -0.04578769472535034]","[0.11759908227400066, 0.2724164098335451, -0.04554744244701906]","[0.11781227877853588, 0.2721858314595059, -0.04530719016868778]",0.0,E6_FLIGHT_SAFER,0.0,0.0,S0 current; S1 immediate p+dt*v; S2 next candidate-affected segment; S3 next zero-hold segment.,23f0dac8d0c4419fabe72fe8bd16a78578dff11bd3fc7ea902d150d8bc559180,0.0
E2_SHADOW_DIAGNOSTIC,"[0.15121920657052978, -0.25972634291255414, 0.03938928651285595]","[0.15121920657052978, -0.25972634291255414, 0.03938928651285595]","[0.1514692065686087, -0.2595923369011956, 0.03923969338466936]","[0.15171920656668764, -0.25945833088983705, 0.03909010025648277]",0.0,E6_FLIGHT_SAFER,0.0,0.0,S0 current; S1 immediate p+dt*v; S2 next candidate-affected segment; S3 next zero-hold segment.,25bdd19e0bcad2d8602beb00eaed98987a680ee9680a7684954bbb94d30373dd,0.0
E2_SHADOW_DIAGNOSTIC,"[0.18567652485501493, -0.262465699791131, -0.010519916241599196]","[0.18567652485501493, -0.262465699791131, -0.010519916241599196]","[0.18582308155720528, -0.2623113273662147, -0.010730352797290569]","[0.18596963825939564, -0.2621569549412984, -0.010940789352981942]",0.0,E6_FLIGHT_SAFER,0.0,0.0,S0 current; S1 immediate p+dt*v; S2 next candidate-affected segment; S3 next zero-hold segment.,2859245f10dc9a36f488006d6b3a9f0b086e8c3d8387a1291b31397398426d48,0.0
E2_SHADOW_DIAGNOSTIC,"[-0.07580461692627344, 0.07003462018433237, -0.06774571043184986]","[-0.07580461692627344, 0.07003462018433237, -0.06774571043184986]","[-0.07580461692627344, 0.07003462018433237, -0.06774571043184986]","[-0.07580461692627344, 0.07003462018433237, -0.06774571043184986]",0.0,E6_FLIGHT_SAFER,0.0,0.0,S0 current; S1 immediate p+dt*v; S2 next candidate-affected segment; S3 next zero-hold segment.,2a6e0b58bfe92ad72daf3c714eef9573f9da560f21916207dede755ccdd781e6,0.0
E2_SHADOW_DIAGNOSTIC,"[0.0537500000000001, -0.22599192253125958, -0.07196152422706656]","[0.0537500000000001, -0.22599192253125958, -0.07196152422706656]","[0.0537500000000001, -0.22599192253125958, -0.07196152422706656]","[0.0537500000000001, -0.22599192253125958, -0.07196152422706656]",0.0,E6_FLIGHT_SAFER,0.0,0.0,S0 current; S1 immediate p+dt*v; S2 next candidate-affected segment; S3 next zero-hold segment.,2b0b590ab4adecd3318c841a72cd7f65cefb5a9388dacb2ad78b599d5ad3e2ff,0.0
E2_SHADOW_DIAGNOSTIC,"[0.46030768649639175, 0.04449644359884668, 0.037294134486644426]","[0.46030768649639175, 0.04449644359884668, 0.037294134486644426]","[0.46005773242913844, 0.04424650332423967, 0.03704418962514294]","[0.45980777836188513, 0.04399656304963266, 0.03679424476364146]",0.0,E6_FLIGHT_SAFER,0.0,0.0,S0 current; S1 immediate p+dt*v; S2 next candidate-affected segment; S3 next zero-hold segment.,3455bbc3de6510b87c536116f7264c760e699e5e7ce30b25bc08aed275d77d30,0.0
E2_SHADOW_DIAGNOSTIC,"[-0.024199468317409573, -0.15844832374511494, 0.002299747339619688]","[-0.024199468317409573, -0.15844832374511494, 0.002299747339619688]","[-0.024199468317409573, -0.15844832374511494, 0.002299747339619688]","[-0.024199468317409573, -0.15844832374511494, 0.002299747339619688]",0.0,E6_FLIGHT_SAFER,0.0,0.0,S0 current; S1 immediate p+dt*v; S2 next candidate-affected segment; S3 next zero-hold segment.,350fa0cf87caea055258036d0f7ddb4c1fe3813b48d059607c7b1a600355b24b,0.0
E2_SHADOW_DIAGNOSTIC,"[0.2872514953837851, 0.2645552919222416, -0.049171804166028135]","[0.2872514953837851, 0.2645552919222416, -0.049171804166028135]","[0.2872514953837851, 0.2645552919222416, -0.049171804166028135]","[0.2872514953837851, 0.2645552919222416, -0.049171804166028135]",0.0,E6_FLIGHT_SAFER,0.0,0.0,S0 current; S1 immediate p+dt*v; S2 next candidate-affected segment; S3 next zero-hold segment.,3952d8b454065b493247d60f9b31d53cd21213152da7436fcdd0520f705986b8,0.0
E2_SHADOW_DIAGNOSTIC,"[0.2709108022769549, -0.2502108607935101, -0.027595547214424834]","[0.2709108022769549, -0.2502108607935101, -0.027595547214424834]","[0.2709108022769549, -0.2502108607935101, -0.027595547214424834]","[0.2709108022769549, -0.2502108607935101, -0.027595547214424834]",0.0,E6_FLIGHT_SAFER,0.0,0.0,S0 current; S1 immediate p+dt*v; S2 next candidate-affected segment; S3 next zero-hold segment.,3fa1332cd6bade6068e94c00bff40ec3bd39930948ec4111e225cc4718f28f93,0.0
E2_SHADOW_DIAGNOSTIC,"[-0.03445186843962944, -0.144523812902605, -0.03506887923086478]","[-0.03445186843962944, -0.144523812902605, -0.03506887923086478]","[-0.03445186843962944, -0.144523812902605, -0.03506887923086478]","[-0.03445186843962944, -0.144523812902605, -0.03506887923086478]",0.0,E6_FLIGHT_SAFER,0.0,0.0,S0 current; S1 immediate p+dt*v; S2 next candidate-affected segment; S3 next zero-hold segment.,41a1bd2b4546d99fc1a1a82eb134d29ef3b21ef28fe735d5a248c88397d5de4b,0.0
E2_SHADOW_DIAGNOSTIC,"[0.4625, 0.009999999999999934, -0.020000000000000146]","[0.4625, 0.009999999999999934, -0.020000000000000146]","[0.4622501347603123, 0.009999999996388923, -0.01999999998854077]","[0.46200026952062456, 0.009999999992777913, -0.019999999977081396]",0.0,E6_FLIGHT_SAFER,0.0,0.0,S0 current; S1 immediate p+dt*v; S2 next candidate-affected segment; S3 next zero-hold segment.,45ab4d11c93de51478bccccd88df14b4b634e960d5333e430fcf6852e61ad46e,0.0
E2_SHADOW_DIAGNOSTIC,"[0.06899184806492659, -0.23415830349438907, -0.07963030786767523]","[0.06899184806492659, -0.23415830349438907, -0.07963030786767523]","[0.06899184806492659, -0.23415830349438907, -0.07963030786767523]","[0.06899184806492659, -0.23415830349438907, -0.07963030786767523]",0.0,E6_FLIGHT_SAFER,0.0,0.0,S0 current; S1 immediate p+dt*v; S2 next candidate-affected segment; S3 next zero-hold segment.,463da07e21ef7084dc4580afc86de4cad9c8e877d74080463755376a9bef9179,0.0
E2_SHADOW_DIAGNOSTIC,"[0.42812395525151636, -0.12248861058737777, 0.03604887161590645]","[0.42812395525151636, -0.12248861058737777, 0.03604887161590645]","[0.4279528515153502, -0.12224264237756378, 0.03582147974565487]","[0.427781747779184, -0.1219966741677498, 0.03559408787540329]",0.0,E6_FLIGHT_SAFER,0.0,0.0,S0 current; S1 immediate p+dt*v; S2 next candidate-affected segment; S3 next zero-hold segment.,46f64b570c94c97a8d74ff2ad0851b8a191b7618fffeffdd5023153e4339e6b9,0.0
E2_SHADOW_DIAGNOSTIC,"[0.31869386787555604, 0.2501960415394661, -0.07872814677288671]","[0.31869386787555604, 0.2501960415394661, -0.07872814677288671]","[0.31869386787555604, 0.2501960415394661, -0.07872814677288671]","[0.31869386787555604, 0.2501960415394661, -0.07872814677288671]",0.0,E6_FLIGHT_SAFER,0.0,0.0,S0 current; S1 immediate p+dt*v; S2 next candidate-affected segment; S3 next zero-hold segment.,4cb58df0c263f046cf8998c98a64aeb9ad0ba4f16fef56e76224c59e891decf6,0.0
E2_SHADOW_DIAGNOSTIC,"[-0.03445186843962941, 0.16452381290260507, -0.00493112076913536]","[-0.03445186843962941, 0.16452381290260507, -0.00493112076913536]","[-0.03420186843964865, 0.16434023586014412, -0.004766263716934639]","[-0.03395186843966788, 0.16415665881768318, -0.004601406664733918]",0.0,E6_FLIGHT_SAFER,0.0,0.0,S0 current; S1 immediate p+dt*v; S2 next candidate-affected segment; S3 next zero-hold segment.,541ec35e349f0ad2d640c7637f313b5af93ae02d082787adabb882bbca8762e9,0.0
E2_SHADOW_DIAGNOSTIC,"[0.02497136025498578, 0.22684510154465173, -0.0332186319671926]","[0.02497136025498578, 0.22684510154465173, -0.0332186319671926]","[0.0252213234410998, 0.22659513293715688, -0.032968707188085034]","[0.02547128662721382, 0.22634516432966204, -0.032718782408977465]",0.0,E6_FLIGHT_SAFER,0.0,0.0,S0 current; S1 immediate p+dt*v; S2 next candidate-affected segment; S3 next zero-hold segment.,54904dafb1f3a67cc66c5fa8f061c7cc3a64818c1e25cafb42245b19429adca3,0.0
E2_SHADOW_DIAGNOSTIC,"[-0.013084562536643168, 0.1916945526406895, -0.07098352579697088]","[-0.013084562536643168, 0.1916945526406895, -0.07098352579697088]","[-0.013084562536643168, 0.1916945526406895, -0.07098352579697088]","[-0.013084562536643168, 0.1916945526406895, -0.07098352579697088]",0.0,E6_FLIGHT_SAFER,0.0,0.0,S0 current; S1 immediate p+dt*v; S2 next candidate-affected segment; S3 next zero-hold segment.,5645d90fb9888c047509157d4d7a81c7b95fb1d55cb051e063927ca84a3a1f13,0.0
