frame_index,file_path,exists,regular_file,decodable,width,height,dtype,finite_ratio,positive_ratio,zero_ratio,all_zero,min_positive,max_positive,sha256,duplicate_content
0,depth/0000.png,True,True,True,640,480,uint16,1.0,0.7179231770833333,0.2820768229166667,False,3986.0,14913.0,0444d4bf29f6b52c5617d4190f4ff7d3d40a12356f6423212a750205176f3526,False
1,depth/0001.png,True,True,True,640,480,uint16,1.0,0.732705078125,0.267294921875,False,3975.0,14913.0,e7e83ad13d23974311815482111923c591fc5ee0f61fd470460ab6d9154a1248,False
2,depth/0002.png,True,True,True,640,480,uint16,1.0,0.7687272135416666,0.23127278645833332,False,3915.0,14421.0,4816a02abddee79e3c4e4c67e726a928da27711ad835c642afe36d407f3cca41,False
3,depth/0003.png,True,True,True,640,480,uint16,1.0,0.8206412760416667,0.17935872395833333,False,3950.0,13626.0,82aa7c3307b2c94146fb87847ea454e99070ce1e437f5092bf60801af736dcf8,False
4,depth/0004.png,True,True,True,640,480,uint16,1.0,0.8107291666666666,0.18927083333333333,False,3996.0,13315.0,97b3375bfa46e4305fb6c01e55bb7301b36d0c8d91a8ccf80a54ebc74dd0f917,False
5,depth/0005.png,True,True,True,640,480,uint16,1.0,0.8251302083333333,0.17486979166666666,False,4031.0,12455.0,e8fd52c9a7e9d38c1b3868ec4e3fe6260b33a60430b10934d58dfa3fc44a7b7e,False
6,depth/0006.png,True,True,True,640,480,uint16,1.0,0.8175,0.1825,False,4187.0,11621.0,c4c3847b60c79963b336d34d2bb04634bd7b220db60831ed98b8cb8acb19fc8e,False
7,depth/0007.png,True,True,True,640,480,uint16,1.0,0.8234342447916667,0.17656575520833334,False,4126.0,9118.0,b8008cd62599ffa2e21a775dd017bce769c7d5358251d949f6bb2f9196ddd395,False
8,depth/0008.png,True,True,True,640,480,uint16,1.0,0.8237369791666667,0.17626302083333334,False,4011.0,9168.0,5888f06e622bd9a672b386808b1529acc17fb8fa40acf4c38e6b4c96fd95e201,False
9,depth/0009.png,True,True,True,640,480,uint16,1.0,0.81822265625,0.18177734375,False,4398.0,10249.0,1b0c9effc63adfc22899989bcfa0d538b4866f94c7b650fc3c201d1ddcd63bcc,False
10,depth/0010.png,True,True,True,640,480,uint16,1.0,0.825166015625,0.174833984375,False,4347.0,10369.0,a24dc12d7af82ed9e0a27e92d335ddbba82cc3cb804f70b21e5ba608d62e55e3,False
11,depth/0011.png,True,True,True,640,480,uint16,1.0,0.8236458333333333,0.17635416666666667,False,4292.0,10626.0,22ffe9f3c10112bbf507634e76759d28b8c23fdfaf39a342dc00abd8915056cd,False
12,depth/0012.png,True,True,True,640,480,uint16,1.0,0.8228873697916667,0.17711263020833334,False,4247.0,10626.0,bc4bc5c637eade01af076870358ad2055407ca578437b12b670a258d8255b403,False
13,depth/0013.png,True,True,True,640,480,uint16,1.0,0.82259765625,0.17740234375,False,4217.0,10756.0,56796d1fd4c680cb89c4080075daaa2211583d7ec918a3bc1bea753a38e4eb46,False
14,depth/0014.png,True,True,True,640,480,uint16,1.0,0.8189225260416667,0.18107747395833335,False,4227.0,10691.0,ce1ac36e3e7cca5060e67ca077f71cf921d4551eb7549494d57d59b728e370e7,False
15,depth/0015.png,True,True,True,640,480,uint16,1.0,0.8208203125,0.1791796875,False,4247.0,10691.0,6820c066ff3be88e2f58c7a7d0e5cbef29b86c8d0a7844bb1b110f5af059ce60,False
16,depth/0016.png,True,True,True,640,480,uint16,1.0,0.8252897135416667,0.17471028645833334,False,4247.0,10560.0,81f8781d39fe7de1d23b4bd34055403169824eff341023c4c30d0d0e8bfe5a41,False
17,depth/0017.png,True,True,True,640,480,uint16,1.0,0.8232552083333333,0.17674479166666668,False,4021.0,10128.0,5c75d7ca6ce7a581119a3aac1f0477140cb11bd80c1afa3255231e7ec2c4cc70,False
18,depth/0018.png,True,True,True,640,480,uint16,1.0,0.824130859375,0.175869140625,False,3960.0,10822.0,c9c9fa513329fc865a398d81545919e78d7ed823fe291aadf678c72679ca550e,False
19,depth/0019.png,True,True,True,640,480,uint16,1.0,0.8210188802083334,0.17898111979166667,False,3674.0,12455.0,64da280d12b24624e1eb59cc67e4669d0608c437fc391acdcc194e03710cb070,False
20,depth/0020.png,True,True,True,640,480,uint16,1.0,0.7970963541666667,0.20290364583333334,False,3644.0,13626.0,e34dda0a0b1b91fd5360163aee94957d12b2394608f2d55581e1eef31ebc3fb2,False
21,depth/0021.png,True,True,True,640,480,uint16,1.0,0.7377701822916667,0.2622298177083333,False,3649.0,14421.0,c2ead2dc142dd338a443348486cf47325def9aa7759bf714f256bda70c699199,False
22,depth/0022.png,True,True,True,640,480,uint16,1.0,0.7351171875,0.2648828125,False,3659.0,14421.0,43c6a376b3f1bcb7e2dfc2371be6d46dff6f8b8b8758eb7e5c3cd5702363dc5e,False
23,depth/0023.png,True,True,True,640,480,uint16,1.0,0.708310546875,0.291689453125,False,3759.0,14421.0,8320473693cdcdcb9b54c0189306b0ca9610a59cd3defe3ec50839e280259712,False
24,depth/0024.png,True,True,True,640,480,uint16,1.0,0.706474609375,0.293525390625,False,3744.0,14184.0,461d39e738eca28493d60c9a1531028aea40d1de9e4735f1b93ce53d1c954fbe,False
25,depth/0025.png,True,True,True,640,480,uint16,1.0,0.7025748697916666,0.29742513020833333,False,3583.0,14421.0,f88d5d8f8d8431e5c8a21c7982347f22e3ea4b48d41a2d509f59ee98220ba787,False
26,depth/0026.png,True,True,True,640,480,uint16,1.0,0.7218977864583334,0.27810221354166664,False,3729.0,15587.0,f90cc118e567c7fdd7b18460100b0cd1aa8753f9d44723c775d248315334baa1,False
27,depth/0027.png,True,True,True,640,480,uint16,1.0,0.7289029947916666,0.27109700520833335,False,3714.0,13315.0,7d3e3189169fa57777d02eee4355f8c7fbf96f2701f829c8bcf60471e4251960,False
28,depth/0028.png,True,True,True,640,480,uint16,1.0,0.73029296875,0.26970703125,False,3719.0,15175.0,7ae3b65cc42acc75ecbf1faf7fddf3fe511222b586f82db257030492fcdb7dd7,False
29,depth/0029.png,True,True,True,640,480,uint16,1.0,0.7376529947916667,0.2623470052083333,False,3784.0,15446.0,bb6d6ff2c04003418a152cbf3b910ca270fd0439252cd8e4da200fd6f8d1ac68,False
30,depth/0030.png,True,True,True,640,480,uint16,1.0,0.7454361979166667,0.25456380208333335,False,3880.0,15175.0,8c552cbedc0c01bf401aedffbc0e8f32cb65a516bfca230b93950b16024f7c44,False
31,depth/0031.png,True,True,True,640,480,uint16,1.0,0.7402408854166667,0.25975911458333334,False,3930.0,14541.0,ad1f7a3efbcb8db25a7e35d0878add0e9a0d116693d879129d658d734e716941,False
32,depth/0032.png,True,True,True,640,480,uint16,1.0,0.7354264322916667,0.26457356770833335,False,4021.0,14184.0,ff6ed95c134cd718ef2bea493e03aef9ec1769efc821b7c9898a5bd8b3c51ed1,False
33,depth/0033.png,True,True,True,640,480,uint16,1.0,0.738212890625,0.261787109375,False,4041.0,14300.0,f265d6987432b06511e3098d277b768e7afb6ad9559dca0a960c06913cf88284,False
34,depth/0034.png,True,True,True,640,480,uint16,1.0,0.741474609375,0.258525390625,False,3960.0,14421.0,465e738e22855881f46c43284abfe1130fc68553a789c257932e160bcde047af,False
35,depth/0035.png,True,True,True,640,480,uint16,1.0,0.7431705729166667,0.25682942708333334,False,4011.0,14787.0,1ca1deda2e612d7ba3e005e13c6368728b4994a1a648182f296c6828ec2b83eb,False
36,depth/0036.png,True,True,True,640,480,uint16,1.0,0.7353971354166666,0.2646028645833333,False,4136.0,16165.0,bcfd728d6f8c3f17a12a467cfb6e704be68b3009991bc5dee143fd70716642f1,False
37,depth/0037.png,True,True,True,640,480,uint16,1.0,0.7377897135416667,0.26221028645833333,False,4885.0,16471.0,fe65c51936bc21f4e5de71d6b934eabb3ff631aaf6a5339077d3b26c767858f8,False
38,depth/0038.png,True,True,True,640,480,uint16,1.0,0.621982421875,0.378017578125,False,5483.0,16471.0,10e8e9fb4337a357cf49fd54d827414ddf6adb4a1565cce8b4771ee3e1daeaca,False
39,depth/0039.png,True,True,True,640,480,uint16,1.0,0.5673111979166666,0.4326888020833333,False,5996.0,16793.0,c9449a82873029ffdf0e03b0e92efd4c46ce6080c55ea5c88ef22bc874caab82,False
40,depth/0040.png,True,True,True,640,480,uint16,1.0,0.56017578125,0.43982421875,False,3810.0,18200.0,3a99d50524751b1d7be47870247707b3d24214f28db207b7153cc3070cf1f06f,False
41,depth/0041.png,True,True,True,640,480,uint16,1.0,0.6319563802083333,0.36804361979166667,False,5740.0,19638.0,7b4ff18b7a13760b7821adaa4a6b7353dd8b98eeb3e79aff204838fc3ebe92ea,False
42,depth/0042.png,True,True,True,640,480,uint16,1.0,0.661982421875,0.338017578125,False,12194.0,19638.0,e0095772a395b32654014a513425661ec3c17ceb61b30b2ccf9106ef45578159,False
43,depth/0043.png,True,True,True,640,480,uint16,1.0,0.6623600260416667,0.33763997395833334,False,9314.0,18995.0,0ba676bc9f5edab509e51c9dcd23755ef2d204608a4fb9ae71865059f28965ff,False
44,depth/0044.png,True,True,True,640,480,uint16,1.0,0.6757389322916667,0.32426106770833335,False,9118.0,19206.0,1ccac22aeac784103b762cf3ddfec29fb5cb1583a758e1e2fdab0a7f66e2c8d7,False
45,depth/0045.png,True,True,True,640,480,uint16,1.0,0.670087890625,0.329912109375,False,11465.0,20095.0,a5951fa7577771136ee3bbfc59dfea43ceb765af8427f89598a2e90fb8fe6132,False
46,depth/0046.png,True,True,True,640,480,uint16,1.0,0.6429947916666666,0.3570052083333333,False,5111.0,20095.0,7105b3dfdc2521ad5cc346edf73cec5f8eb9d4942d7e7f1d42c508d316160860,False
47,depth/0047.png,True,True,True,640,480,uint16,1.0,0.6229524739583333,0.3770475260416667,False,5348.0,19864.0,c6d6f82f08a3145132ae12234b2113b8f330449f5e01a206bdb3ec2b74d67bd8,False
48,depth/0048.png,True,True,True,640,480,uint16,1.0,0.6839029947916667,0.31609700520833334,False,4609.0,19638.0,db84e660e28c3759448a904e2776984afd7a5f4741f32f970d8c94202fa5239b,False
49,depth/0049.png,True,True,True,640,480,uint16,1.0,0.759072265625,0.240927734375,False,4302.0,18995.0,02a18fa5c03a6c1fe7c985b6bd1eb179997166c5f9ab954644b378b64d8249ca,False
50,depth/0050.png,True,True,True,640,480,uint16,1.0,0.7536979166666666,0.24630208333333334,False,3986.0,18200.0,6c2dae513581cdbe51aedea05b9b14296cca3338385a4e21739995a26af82471,False
51,depth/0051.png,True,True,True,640,480,uint16,1.0,0.761328125,0.238671875,False,3679.0,17120.0,521da6702c50a485d37fb4bcf04adc0b6a214eb01422a1df8263dac4c1ec1ec1,False
52,depth/0052.png,True,True,True,640,480,uint16,1.0,0.7782486979166666,0.22175130208333332,False,3508.0,9414.0,2997be756dcc24ac5f132aa589f1e90117d7e02750761508d1b17e35b49a8717,False
53,depth/0053.png,True,True,True,640,480,uint16,1.0,0.7924479166666667,0.20755208333333333,False,3523.0,10822.0,b7f4a9b4231fb96e7abefc34651a9454b91d95ac8b4b923241b5649d180ecc9d,False
54,depth/0054.png,True,True,True,640,480,uint16,1.0,0.7843359375,0.2156640625,False,3538.0,11244.0,58f5408b977bdcd5e805209f85fdb0fe8ef0a78256736a359d0de717ed698225,False
55,depth/0055.png,True,True,True,640,480,uint16,1.0,0.76046875,0.23953125,False,3503.0,9952.0,42d1f5ded383caa0bdebe5039c9693874b3316e9aa830ab4286831107729a222,False
56,depth/0056.png,True,True,True,640,480,uint16,1.0,0.7666569010416666,0.23334309895833333,False,3438.0,9168.0,2c48af4aaf4033048c5558d866cb7c4389fc10baf6a1ad1c1f088f6c3a498561,False
57,depth/0057.png,True,True,True,640,480,uint16,1.0,0.7670638020833334,0.23293619791666667,False,3463.0,13415.0,40b036b65cdb053ffffc99d355509ff35bf16fe504f54174f27062a26067ec9e,False
58,depth/0058.png,True,True,True,640,480,uint16,1.0,0.7542936197916666,0.24570638020833332,False,3543.0,14662.0,5e570cfdebba19429a89a15e379d73868c581e0254498268ffeeb882535a4c29,False
59,depth/0059.png,True,True,True,640,480,uint16,1.0,0.7578938802083334,0.24210611979166666,False,3795.0,17643.0,d8b9d22fb01502309fddbce3ecde26aacad3917aa2a455b76f019183e227a96d,False
60,depth/0060.png,True,True,True,640,480,uint16,1.0,0.752841796875,0.247158203125,False,3996.0,18995.0,64c1cd10cfe4053ec86f712355df914e4320a311128bb06cc065800424f6ff76,False
61,depth/0061.png,True,True,True,640,480,uint16,1.0,0.7765950520833333,0.22340494791666668,False,3960.0,18391.0,924d0655c8ee25dadbc42064a512a4412cacc8ba79ccf81df70815d2d6063cee,False
62,depth/0062.png,True,True,True,640,480,uint16,1.0,0.7857747395833333,0.21422526041666667,False,3975.0,19206.0,dff87db16a8fdf702f6a94ed98d9766add6dfb3a58cda4636291d1a912e760f7,False
63,depth/0063.png,True,True,True,640,480,uint16,1.0,0.7837369791666666,0.21626302083333335,False,4116.0,18587.0,be57476a5b26e29d47f717513cc7bb4041fa2de20a3f6b360748aaa54d7f492e,False
64,depth/0064.png,True,True,True,640,480,uint16,1.0,0.74578125,0.25421875,False,4116.0,18789.0,f3ceebe011e206aaa34f0dfd9021b6cd85323eba590f89a37a3f81db99e94e5b,False
65,depth/0065.png,True,True,True,640,480,uint16,1.0,0.7475455729166667,0.2524544270833333,False,3940.0,18789.0,8640642fc0aed190c5441ae8b9414032f31001efcb01e0c91452ecd724527d2e,False
66,depth/0066.png,True,True,True,640,480,uint16,1.0,0.743330078125,0.256669921875,False,3769.0,19864.0,47a387e8dedc97d72ed585384cda584931b080a6d948ec9243df3c86cc385c66,False
67,depth/0067.png,True,True,True,640,480,uint16,1.0,0.69515625,0.30484375,False,4116.0,19638.0,2b87d191782bd54f30b74bf39480e1456f220e9b6158fa4af1aba7bcfd64b89c,False
68,depth/0068.png,True,True,True,640,480,uint16,1.0,0.664501953125,0.335498046875,False,4031.0,19206.0,17a8c0d9b8f0b849a45f177efc733b1a915a8b1cf27bf9faceb25e12e1692588,False
69,depth/0069.png,True,True,True,640,480,uint16,1.0,0.6873990885416666,0.31260091145833335,False,4272.0,18009.0,1a3a780d30bde62fcc4268c90976f59fa1bed6f702f89d14fe55dcd5ace827a2,False
70,depth/0070.png,True,True,True,640,480,uint16,1.0,0.6875651041666667,0.31243489583333334,False,4574.0,15868.0,6c0a9233a9c7a1a06c06b7c9ca35465f78bbff7a572319b2b34bd1320a372beb,False
71,depth/0071.png,True,True,True,640,480,uint16,1.0,0.7287662760416667,0.27123372395833334,False,4966.0,14300.0,289d036d6bf23bf3fecc48dc2121a2f31bdc30c609aaaf3aec2bffe4b31048b5,False
72,depth/0072.png,True,True,True,640,480,uint16,1.0,0.7373990885416667,0.2626009114583333,False,5333.0,12194.0,8dbdd7ef0b62176bd0adb13bc7effc923758472e3143531bbce67c3eee83d33b,False
73,depth/0073.png,True,True,True,640,480,uint16,1.0,0.7418489583333333,0.2581510416666667,False,5252.0,11028.0,84e089bf19a1abb0727caa473421807d2d14c41f406f10921bbfd523837ebb7a,False
74,depth/0074.png,True,True,True,640,480,uint16,1.0,0.7682747395833334,0.23172526041666666,False,5066.0,10560.0,e823c29d158f352a2d2874da91470ffe41071b98c235166200b15313ed2259d9,False
75,depth/0075.png,True,True,True,640,480,uint16,1.0,0.7831575520833334,0.21684244791666665,False,4981.0,11173.0,0831279797d048a8dcc074d8a7286012a57d02b5e0225b1edc78f971a89bac4e,False
76,depth/0076.png,True,True,True,640,480,uint16,1.0,0.7899674479166666,0.21003255208333332,False,4840.0,11696.0,c8a377f4c4910c4e33622506a9901341fcc7b1ad5ee9039177a35219f9d2e39d,False
77,depth/0077.png,True,True,True,640,480,uint16,1.0,0.7898404947916666,0.21015950520833335,False,4599.0,12023.0,c01039929d60dd0c96268ecf13c62298556fd536f9131c32a47958bc0c8256f2,False
78,depth/0078.png,True,True,True,640,480,uint16,1.0,0.788359375,0.211640625,False,3005.0,12194.0,14bbb3896c1743a7e3b6cbf178f8c9b562e200a9747e9328296dc65660522d9f,False
79,depth/0079.png,True,True,True,640,480,uint16,1.0,0.7779264322916667,0.22207356770833334,False,2940.0,12918.0,d1cfac3cb321ac68bfaec93a583c9a1fd1ca40ab0f4fe896d1a26f082d11f715,False
80,depth/0080.png,True,True,True,640,480,uint16,1.0,0.7700944010416667,0.22990559895833335,False,2945.0,15310.0,adde1a3ecf76b5cc0548cd345809f4b5d05c5cef69b15488561e6a0fe294aaf9,False
81,depth/0081.png,True,True,True,640,480,uint16,1.0,0.7569368489583334,0.24306315104166668,False,2895.0,16316.0,fd2ce15c33247b2d7cc3eb31787a7451fab84aa166b890da6fa50f324b7f0cd2,False
82,depth/0082.png,True,True,True,640,480,uint16,1.0,0.7517545572916666,0.24824544270833335,False,2920.0,16793.0,bc10bd83c177b248995d0887938db3d80b6d88a3321a8b88765916407faf1fbe,False
83,depth/0083.png,True,True,True,640,480,uint16,1.0,0.7477962239583333,0.25220377604166666,False,2855.0,17467.0,e15c3b62a8a65cd44078da9aef0c33a0c2f5220e255abff74701f191cce5db70,False
84,depth/0084.png,True,True,True,640,480,uint16,1.0,0.7566731770833334,0.24332682291666666,False,2850.0,17291.0,2150b427122af32800db8b009f4888c60f55c70cc94b8a263d71f15067493fc7,False
85,depth/0085.png,True,True,True,640,480,uint16,1.0,0.7533235677083333,0.24667643229166666,False,2980.0,16954.0,cce266b82afd0f92f4fd5f57983b676bb16f08beed707701a56e75ab7e4603fb,False
86,depth/0086.png,True,True,True,640,480,uint16,1.0,0.76064453125,0.23935546875,False,3015.0,16793.0,8020e6f293c45f92feb3690bc286dd81978da65223d03ef9341ab6f9ac35a950,False
87,depth/0087.png,True,True,True,640,480,uint16,1.0,0.7544173177083333,0.24558268229166666,False,3036.0,16316.0,21e818d549bd22e9c72f38ee577e2208cdcca73801d23ac4733c1f210704921b,False
88,depth/0088.png,True,True,True,640,480,uint16,1.0,0.7668880208333333,0.23311197916666668,False,3005.0,16014.0,708e14a0cff2895c2ecdcb49c74d3c80b48c82cc4a6c02dbd727364f4af9258d,False
89,depth/0089.png,True,True,True,640,480,uint16,1.0,0.7625455729166667,0.23745442708333334,False,3056.0,16014.0,2f2ff9cbc1f6dd2d2449e5c01dd5808516ea0bd557acac8ca823cb77b17b1f82,False
90,depth/0090.png,True,True,True,640,480,uint16,1.0,0.7767708333333333,0.22322916666666667,False,3181.0,16014.0,8d56af4c98fb37c505ce57b613e0673a3914e821adda458ece23b34e243b3185,False
91,depth/0091.png,True,True,True,640,480,uint16,1.0,0.7853352864583333,0.21466471354166666,False,3428.0,16471.0,c7812405799e6f95c8c52a0391208a83c85ecc1c81eedb35b910b74d63723f72,False
92,depth/0092.png,True,True,True,640,480,uint16,1.0,0.758994140625,0.241005859375,False,3649.0,16316.0,1b33e36fa0aa750c026d3665ae6dafcb3e0bb18da3b9b52511d365ab1ada436f,False
93,depth/0093.png,True,True,True,640,480,uint16,1.0,0.74294921875,0.25705078125,False,3779.0,17643.0,e12582d9d4b97bf9225fc128464cbe27f2c53372a8cc93228fe764510693d08c,False
94,depth/0094.png,True,True,True,640,480,uint16,1.0,0.7418912760416667,0.25810872395833334,False,3996.0,17643.0,1340616b6dae120b81614cd4427c095d7cf99641dbb49eadebeda5fd35cb12db,False
95,depth/0095.png,True,True,True,640,480,uint16,1.0,0.7422623697916667,0.25773763020833335,False,4217.0,17823.0,957f274c554119cb64ef8f20aa54accade2d6cb8dc4944820a9c73a1ee0e3ff4,False
96,depth/0096.png,True,True,True,640,480,uint16,1.0,0.748193359375,0.251806640625,False,4433.0,18200.0,6f4d6102bb21965c51186b03a55fbd9a6613b64013d64719ca97253be30f3dbc,False
97,depth/0097.png,True,True,True,640,480,uint16,1.0,0.7684537760416666,0.23154622395833332,False,4659.0,16954.0,1c3bd21d9e87412f47d41b0ea8d84dbfe2cb1af7aeaaa97e8478873adc0f43ed,False
98,depth/0098.png,True,True,True,640,480,uint16,1.0,0.7669954427083333,0.23300455729166666,False,4765.0,18200.0,5c764f8772bf4ef347f595e6458b7056dc3917088d36d0c37455f27a395fa165,False
99,depth/0099.png,True,True,True,640,480,uint16,1.0,0.77716796875,0.22283203125,False,4800.0,18391.0,8ef17248d2912005841f0e616ea201a149b8936fd83b27fe7d93856f02355cb4,False
100,depth/0100.png,True,True,True,640,480,uint16,1.0,0.795810546875,0.204189453125,False,4775.0,18200.0,a3f5f80057f5f88337e420ecc42e094ad8d38f2dc77ec9b5bcc49fd44234b6c0,False
101,depth/0101.png,True,True,True,640,480,uint16,1.0,0.7918815104166667,0.20811848958333334,False,4589.0,16632.0,e217c1b8589970e7a1d566f629e65f2ef82de7daf8ee4702726ace5aba098924,False
102,depth/0102.png,True,True,True,640,480,uint16,1.0,0.7886588541666667,0.21134114583333333,False,4684.0,16471.0,9b4ca6a75dbbfbb3d27d9f7d6e178d9bc6009b7d4e58fa7cf43953222dca01ed,False
103,depth/0103.png,True,True,True,640,480,uint16,1.0,0.79173828125,0.20826171875,False,5127.0,14184.0,c17e7c24aea291c74370daf25d051f405bc45def181b0f2703567739b16f4700,False
104,depth/0104.png,True,True,True,640,480,uint16,1.0,0.792822265625,0.207177734375,False,5127.0,13415.0,925d90c13fadb3abe50465977b27d9a921b537eb0df8c7bc9601ee41b7409c77,False
105,depth/0105.png,True,True,True,640,480,uint16,1.0,0.8156640625,0.1843359375,False,5192.0,12023.0,c8821195dfa0c31832ecf290beb9e2385a5248c255da176983e9613873f395b2,False
106,depth/0106.png,True,True,True,640,480,uint16,1.0,0.828759765625,0.171240234375,False,5302.0,10756.0,7b5296bd61bfc14bc4561cc59a2f7d2a3b8990fb2ed25b6a236112bb70ce8bbe,False
107,depth/0107.png,True,True,True,640,480,uint16,1.0,0.83509765625,0.16490234375,False,5594.0,9263.0,f89f8473035f8a964324af7964ae1db6665a48d591583e06c63ccfc7683542ee,False
108,depth/0108.png,True,True,True,640,480,uint16,1.0,0.8341829427083334,0.16581705729166665,False,5795.0,9841.0,c8955e6af247041edf32bd943d98f7d17114e591d593b546e74f061cf95201c7,False
109,depth/0109.png,True,True,True,640,480,uint16,1.0,0.8370540364583333,0.16294596354166666,False,5594.0,10495.0,4630abfc92437e2b82e8b0ee9c9e1d3b7815fb426e42236431f5f6a04ed8a3ee,False
110,depth/0110.png,True,True,True,640,480,uint16,1.0,0.8352604166666666,0.16473958333333333,False,5504.0,10626.0,1a76871f9cca825313850a921767e70384626af0c334dc68e5d362c32ad70ab4,False
111,depth/0111.png,True,True,True,640,480,uint16,1.0,0.83625,0.16375,False,5594.0,10626.0,fe6c04c21c1939bfe6c6e9a3d202564e6f159aeba2eec5de081e4dfd444428a1,False
112,depth/0112.png,True,True,True,640,480,uint16,1.0,0.8342545572916666,0.16574544270833333,False,5684.0,10435.0,b1baf3e1738e834154514745280b06215a0973e0eb58fdba502afeb6825ea891,False
113,depth/0113.png,True,True,True,640,480,uint16,1.0,0.8346321614583333,0.16536783854166667,False,5795.0,10249.0,61b1b21bb54fd732d262b94eef186c968b1d41e2d430e2d31503a4f23a235b57,False
114,depth/0114.png,True,True,True,640,480,uint16,1.0,0.8353450520833333,0.16465494791666666,False,5740.0,10188.0,b2b49c6ff4c00725b74c28caee7e39b7e71f9aabc370a30a2e8b74f2b64b4cf0,False
115,depth/0115.png,True,True,True,640,480,uint16,1.0,0.836494140625,0.163505859375,False,5684.0,10128.0,d1d870c12522aa481a7a24aa85bb3209ede4c259e261aa7d614c5b7dec93f70d,False
116,depth/0116.png,True,True,True,640,480,uint16,1.0,0.8369303385416667,0.16306966145833332,False,5026.0,10249.0,e0081e8cfb55f9e02c4200ef67275882856fd2ac5357e5701b2cb2892c6e7df2,False
117,depth/0117.png,True,True,True,640,480,uint16,1.0,0.8191471354166666,0.18085286458333333,False,3845.0,10435.0,ed59bffb555da6d161e668e65841a3e5c6cfdffd2a6d14b834795ea282cadeec,False
118,depth/0118.png,True,True,True,640,480,uint16,1.0,0.8177278645833334,0.18227213541666668,False,4061.0,10560.0,fa30659c7062f48677ce2a01ea87418d0b71cfd0d9202a353eab5920d3a7ff4f,False
119,depth/0119.png,True,True,True,640,480,uint16,1.0,0.814521484375,0.185478515625,False,4227.0,10560.0,f219024e2f00fe3cc66fa75b8f924170473554003bb15d646b41379cc7acfe69,False
120,depth/0120.png,True,True,True,640,480,uint16,1.0,0.8174055989583333,0.18259440104166666,False,4282.0,25383.0,3fc70fdb501ff90129b49fd53eceb9790990adca24eeaee73c4e890dd53c6a9e,False
121,depth/0121.png,True,True,True,640,480,uint16,1.0,0.81498046875,0.18501953125,False,5177.0,11857.0,b7c1ce73336162dcf73426eb19f50c6fdf501e321a3ec4272740d8e4732e9829,False
122,depth/0122.png,True,True,True,640,480,uint16,1.0,0.8270377604166667,0.17296223958333334,False,5207.0,25016.0,ac7148bc98b455a59e6531a1a14b1774b57d065467047832a020f7c96971faa9,False
123,depth/0123.png,True,True,True,640,480,uint16,1.0,0.8278092447916666,0.17219075520833332,False,5142.0,27384.0,3601976e47d15856c670481dc039939848d24ef941645d92d61c5f32aa0f60d0,False
124,depth/0124.png,True,True,True,640,480,uint16,1.0,0.81849609375,0.18150390625,False,5700.0,24318.0,ba03df001907bf7b07dceece2332a75b1c7ad0370ad314b52820896cc3cd4c4b,False
125,depth/0125.png,True,True,True,640,480,uint16,1.0,0.8201106770833333,0.17988932291666668,False,6061.0,26549.0,f9175734e837ac90f4059f3ac49387fed86c24229c522b760412ad634087383e,False
126,depth/0126.png,True,True,True,640,480,uint16,1.0,0.8220768229166666,0.17792317708333333,False,6192.0,25760.0,447f2db4c89ce7baf62bce48e9b1df1e608cd6021b9c4921076f39bb4c5998cc,False
127,depth/0127.png,True,True,True,640,480,uint16,1.0,0.82111328125,0.17888671875,False,6232.0,25016.0,29b242b25083351bc205cca2a3d4294fe0c92647e069dd2719d6820e5d49ed84,False
128,depth/0128.png,True,True,True,640,480,uint16,1.0,0.8244205729166667,0.17557942708333332,False,6393.0,25383.0,6a617a06ff88b50945c87bd8eda4aff4602df3a63177d19cf7543d08e791a2cf,False
129,depth/0129.png,True,True,True,640,480,uint16,1.0,0.828837890625,0.171162109375,False,7016.0,25383.0,fcfb9241921a79c64ab36d1ececff3f1fd4f4252b6082d26b1866d91d448bbf6,False
130,depth/0130.png,True,True,True,640,480,uint16,1.0,0.830810546875,0.169189453125,False,7806.0,25760.0,d6fc3694ea9ef75b4e69f12b65d4a8f3a32221df1faf79f5d0708c89e147f99f,False
131,depth/0131.png,True,True,True,640,480,uint16,1.0,0.8289388020833334,0.17106119791666666,False,5574.0,25760.0,3f173096627541039fa0324ea9d1833872282abeeb684237d3f640382fab1b98,False
132,depth/0132.png,True,True,True,640,480,uint16,1.0,0.820380859375,0.179619140625,False,5594.0,26549.0,3a413d4632eea939b2245a4d3988d047d7d57b6a84d48bd5f0b8e48e71ad47ae,False
133,depth/0133.png,True,True,True,640,480,uint16,1.0,0.8184505208333334,0.18154947916666667,False,5519.0,27821.0,7149c02dc49b050aa7b9b5c26c4be753826880b92e72ffa29db6470804c7b9f3,False
134,depth/0134.png,True,True,True,640,480,uint16,1.0,0.8115397135416667,0.18846028645833332,False,4684.0,25383.0,5b80db04cd514ee695970696cafcef05cbc8ce250ccd3e3228eaa79777c46134,False
135,depth/0135.png,True,True,True,640,480,uint16,1.0,0.8056901041666666,0.19430989583333333,False,4096.0,25383.0,dd6eafb03d78e2f6931427f7c2566496fbd8f6f08716248fce7587c1102ccad0,False
136,depth/0136.png,True,True,True,640,480,uint16,1.0,0.7454720052083333,0.25452799479166666,False,3679.0,13114.0,fed042d2d6d90256a369e72890a0d54952035453f93760ae9bd0d371b98f1746,False
137,depth/0137.png,True,True,True,640,480,uint16,1.0,0.729609375,0.270390625,False,3448.0,12727.0,b286816e89a4068f0305c0bc0814f1cdc26cf0da75c76344496fe9eadc3da616,False
138,depth/0138.png,True,True,True,640,480,uint16,1.0,0.730966796875,0.269033203125,False,3352.0,12727.0,c70de00d38cbceae4b0e975c855c41228f85f514fde1df89492cffc7db9e8a68,False
139,depth/0139.png,True,True,True,640,480,uint16,1.0,0.7532552083333334,0.24674479166666666,False,3146.0,12546.0,7619a2d24356006aac157e3214051a7ce618fccd8038e0c23f9876b7ac1b78f7,False
140,depth/0140.png,True,True,True,640,480,uint16,1.0,0.7642415364583334,0.23575846354166666,False,2985.0,12365.0,af4e296c6c089df7b6ae0dde26f440e55662ff04a87e3fd3fa12339b07525028,False
141,depth/0141.png,True,True,True,640,480,uint16,1.0,0.7920247395833333,0.20797526041666667,False,2839.0,11942.0,c1ffae96456ff9f68f3deab62b2668eeb0f8d7f7cc4a6789f45ea8199dc43270,False
142,depth/0142.png,True,True,True,640,480,uint16,1.0,0.7956640625,0.2043359375,False,2799.0,12108.0,6a3b498d9f61aafd71e4d48f543b29654a6ecd4bb4615aa87ffa9ebf39889700,False
143,depth/0143.png,True,True,True,640,480,uint16,1.0,0.7762955729166666,0.22370442708333332,False,2850.0,12108.0,974dcceef8876be03cdfccb3064024b45bc2bebf79f9a69d758b85c8bbf765e6,False
144,depth/0144.png,True,True,True,640,480,uint16,1.0,0.7737467447916667,0.22625325520833334,False,2920.0,11777.0,1b1b7234cc29629b84b9128830fc956f4e116b61f65e231c0c05ea91e1cb2af2,False
145,depth/0145.png,True,True,True,640,480,uint16,1.0,0.8029361979166667,0.19706380208333332,False,3131.0,11621.0,fc499495352622135ac017d4116dc093eeb0a14119c28758bdcaf0c70da82602,False
146,depth/0146.png,True,True,True,640,480,uint16,1.0,0.81005859375,0.18994140625,False,3463.0,22724.0,d940a79a5ddd63c569b87d82aa0c2b61a4877339875682fd9b5cfbf4f409d157,False
147,depth/0147.png,True,True,True,640,480,uint16,1.0,0.803740234375,0.196259765625,False,3674.0,23654.0,2fbb99f5f285f7f3a95ff84a50e07efc37feb34d45f0802e17d5bbf84263b460,False
148,depth/0148.png,True,True,True,640,480,uint16,1.0,0.814228515625,0.185771484375,False,3795.0,23338.0,814667d25e0a256918406f12dac7d5595a7dfa02f07b713f0bf5183a64be51e4,False
149,depth/0149.png,True,True,True,640,480,uint16,1.0,0.8046158854166666,0.19538411458333332,False,3820.0,23026.0,c20da720005b6e09e7f020268ba4e7e099139bc9988eb7223a8cbf37002b7b6d,False
150,depth/0150.png,True,True,True,640,480,uint16,1.0,0.7976399739583333,0.20236002604166667,False,3714.0,25760.0,17d8b5832807beaa59bab61f10cf9b3eba4d3e4798eae6cb86d5add2da406ebe,False
151,depth/0151.png,True,True,True,640,480,uint16,1.0,0.7817122395833334,0.21828776041666667,False,3583.0,26962.0,d2cd70d97313e20d04ec78e2b3427da90f77ee675f254732494fcfc43cd05741,False
152,depth/0152.png,True,True,True,640,480,uint16,1.0,0.7949739583333333,0.20502604166666666,False,3387.0,27384.0,45e46b6dc081f88db922564f6cddf3a45f01f4b73b45251fed88860d4d3cc58a,False
153,depth/0153.png,True,True,True,640,480,uint16,1.0,0.7956640625,0.2043359375,False,3302.0,11465.0,1eb16b7c2ddeb6f0fc532c5eb5ca17083426ddf27b1640d68d6a06634bc1a827,False
154,depth/0154.png,True,True,True,640,480,uint16,1.0,0.7759635416666667,0.22403645833333333,False,3111.0,11465.0,e429dba9479cb3e617dc60dfd3f2d2081a56d2773a7a164803c4e809a92f5fcd,False
155,depth/0155.png,True,True,True,640,480,uint16,1.0,0.721826171875,0.278173828125,False,2980.0,11545.0,e3ec37e2a65c14cd11c8f78e62aeefb0aedc5a94c4e1b46438ad3e0248851462,False
156,depth/0156.png,True,True,True,640,480,uint16,1.0,0.6936490885416666,0.3063509114583333,False,2925.0,11545.0,35d1154b3e3016383a04afc7145097a4bc3ba0ca396538099b213dc4345f2849,False
157,depth/0157.png,True,True,True,640,480,uint16,1.0,0.6792057291666667,0.32079427083333334,False,2980.0,12727.0,e52976f1127fb51d4c6f6ee50a0c04ae5a935d4fb26fe8b9680d307517a261ac,False
158,depth/0158.png,True,True,True,640,480,uint16,1.0,0.665029296875,0.334970703125,False,2824.0,13842.0,c7000ffa7acfc50adfeb8bebb1d36a48bc88a537ab76dcab7ae1b7c4b114aed5,False
159,depth/0159.png,True,True,True,640,480,uint16,1.0,0.672236328125,0.327763671875,False,2834.0,14421.0,c8cedccf4af0ef7dfd7f563ec2e7106fcb116b55eb36a82355cd1c7497019464,False
160,depth/0160.png,True,True,True,640,480,uint16,1.0,0.6832421875,0.3167578125,False,2960.0,28746.0,e8ce1f709a55664b2589bdd85e40c0030ccab3c0d89a6561b2846ad519a3fb0f,False
161,depth/0161.png,True,True,True,640,480,uint16,1.0,0.6933170572916667,0.30668294270833335,False,3086.0,35874.0,113e3f3a4463427969e7fa0b0aa233d4b6fcee19f656f04158fd52c1fd3982ab,False
162,depth/0162.png,True,True,True,640,480,uint16,1.0,0.7118489583333333,0.28815104166666666,False,3126.0,35874.0,a5bff3f9fee546c5dcc5d8e1b53f3a7b8cbde08778e569e5b494483602a179ed,False
163,depth/0163.png,True,True,True,640,480,uint16,1.0,0.742255859375,0.257744140625,False,3156.0,39101.0,f5f03e19510e0496e25448ac70f30a2041971d6a58cd28adf9063b0809e8711d,False
164,depth/0164.png,True,True,True,640,480,uint16,1.0,0.7518717447916666,0.24812825520833334,False,3171.0,40945.0,7f7b246ccba6cf30bfb8fc58d693cd5b9323bd387fae1728a9698e9f26bc3a85,False
165,depth/0165.png,True,True,True,640,480,uint16,1.0,0.73599609375,0.26400390625,False,2945.0,41936.0,cd89b73fb3c0e293701eaea7aa7ada69eee5c78e6ecbbeeec25a6c592e2186f2,False
166,depth/0166.png,True,True,True,640,480,uint16,1.0,0.758701171875,0.241298828125,False,7499.0,41936.0,51a111dc25d3528ddc0203c8292df3301e398dc7904e25b60e79249cc9f38eca,False
167,depth/0167.png,True,True,True,640,480,uint16,1.0,0.76501953125,0.23498046875,False,7534.0,40945.0,56088e771577481d6a8bf69100521f08bb0ba64d7de9a9ba11306287b9761628,False
168,depth/0168.png,True,True,True,640,480,uint16,1.0,0.779296875,0.220703125,False,7192.0,37417.0,fdf3e9a373c51937fdfe971f7c57d8aeade708ae98bfed758a54fd082d978dc9,False
169,depth/0169.png,True,True,True,640,480,uint16,1.0,0.7899641927083333,0.21003580729166665,False,7047.0,35145.0,90753f6bd413dd2c4e940599b0ad960706fa75f2b1d4a6ce71be75dd5a431827,False
170,depth/0170.png,True,True,True,640,480,uint16,1.0,0.7946842447916667,0.20531575520833334,False,6825.0,35145.0,81c1fd7cc89f3ade43b412be73f5d350f7f1f2de4118a00a3b8ef10d3ce5777c,False
171,depth/0171.png,True,True,True,640,480,uint16,1.0,0.8019921875,0.1980078125,False,6614.0,34446.0,0201b9bd0cb79d2d6d1b2dcd1ff1e9a47157bd7f06069f1104ef4f69f715ad0a,False
172,depth/0172.png,True,True,True,640,480,uint16,1.0,0.806015625,0.193984375,False,6328.0,35874.0,9bfe5f86af82fb09081b3e9f10c37f0cd38dd5776b37a2f90e54e283f11ceab6,False
173,depth/0173.png,True,True,True,640,480,uint16,1.0,0.7963736979166667,0.20362630208333332,False,6167.0,31913.0,e1c321a4ff7bc8cbe5d2f874e022a38c874850f82a332a74f5e41c4a35115d51,False
174,depth/0174.png,True,True,True,640,480,uint16,1.0,0.7791861979166667,0.22081380208333334,False,5916.0,40945.0,907ca26c2a50c248755e3b253fed0107fb62577912a2826d98f5c2c0a77e7360,False
175,depth/0175.png,True,True,True,640,480,uint16,1.0,0.7753385416666667,0.22466145833333334,False,5855.0,40945.0,7da9f7ed7693a247bb7a9f2f113c43249161511fad3c5c45443f2fc0c5b1bb6b,False
176,depth/0176.png,True,True,True,640,480,uint16,1.0,0.7797688802083333,0.22023111979166668,False,5684.0,40945.0,31fc4a694ec0370133f25bac13af1a33f583925dcf53fb0a8e7933a6eb51c9ee,False
177,depth/0177.png,True,True,True,640,480,uint16,1.0,0.790234375,0.209765625,False,5539.0,39101.0,ead1853452cb33706c2bda2d93bade049ebfab6e43db5a8df2eb492ad03dc27a,False
178,depth/0178.png,True,True,True,640,480,uint16,1.0,0.79974609375,0.20025390625,False,5287.0,27384.0,3083cdf8c630082aa851e8e55c6b4c262c04b9969712b769526f14a54c7d62ea,False
179,depth/0179.png,True,True,True,640,480,uint16,1.0,0.820361328125,0.179638671875,False,5127.0,17823.0,f4fdb278475a5127d98563145021748f7dd1dbabdf56732a4c90aee9a358c854,False
180,depth/0180.png,True,True,True,640,480,uint16,1.0,0.8219270833333333,0.17807291666666666,False,5026.0,12546.0,7a8a8000665d2481632ed0e34f3d0e5f3cdae7461fd30851c720d7fb022b702c,False
181,depth/0181.png,True,True,True,640,480,uint16,1.0,0.827119140625,0.172880859375,False,4951.0,11545.0,6ff53952a9d30e4e60fa881a55cca7e7e5f3325bcb1965f8039f214e20534aca,False
182,depth/0182.png,True,True,True,640,480,uint16,1.0,0.8319921875,0.1680078125,False,4966.0,10962.0,43d6d08b2eb338a71a59832dd667d5e712a7a6027f4518d6cd12e36946a6cd28,False
183,depth/0183.png,True,True,True,640,480,uint16,1.0,0.8332454427083333,0.16675455729166666,False,4951.0,10691.0,6ff068bf16b117894edd913b72545b5f7613510d6531fa45ab519c631b9d3fc7,False
184,depth/0184.png,True,True,True,640,480,uint16,1.0,0.831650390625,0.168349609375,False,4815.0,10369.0,241c7944880635492d4c3ef2f5b351b60bef7ca15c6464382fb894697f554a92,False
185,depth/0185.png,True,True,True,640,480,uint16,1.0,0.8336490885416666,0.16635091145833333,False,4734.0,10012.0,d32a465ce6365fb14858f25d7803dd6803885f484f54b03c2c48cf7763714549,False
186,depth/0186.png,True,True,True,640,480,uint16,1.0,0.8301497395833334,0.16985026041666668,False,4609.0,9786.0,e4858edfec46c52893cd244219c9250da91f01e025157c50d7249c705e816f0a,False
187,depth/0187.png,True,True,True,640,480,uint16,1.0,0.82345703125,0.17654296875,False,4589.0,10128.0,2fb3e75ee5b79e07dd12e17dc72887cda28518973902aea82cb8a6c432f42ce5,False
188,depth/0188.png,True,True,True,640,480,uint16,1.0,0.8264290364583333,0.17357096354166668,False,4885.0,9168.0,0a0f43f2eeb8d643cd9df163c7e45617cb3392d172c92f79eba53465a1a40db0,False
189,depth/0189.png,True,True,True,640,480,uint16,1.0,0.8221842447916666,0.17781575520833334,False,4981.0,8796.0,58453be9c115cba15a8f6002b17ca91425eac6f5a4cd3104895ea9559b621afb,False
190,depth/0190.png,True,True,True,640,480,uint16,1.0,0.7852213541666667,0.21477864583333334,False,4941.0,8620.0,73d9544668d2febdbcec23d10cacad0ca40d39cba2754bf49418fde3f1b75944,False
191,depth/0191.png,True,True,True,640,480,uint16,1.0,0.7790885416666666,0.22091145833333334,False,4925.0,8977.0,23a89d04acfe5d110b2aa912d64fa493606c15d875300df6ace9ef8780bc9844,False
192,depth/0192.png,True,True,True,640,480,uint16,1.0,0.7944954427083334,0.20550455729166667,False,4830.0,9731.0,866a22686fa1007fc0750b4f9ab8346d7163f1898259fb358dcfdb2a9369beb2,False
193,depth/0193.png,True,True,True,640,480,uint16,1.0,0.8136751302083334,0.18632486979166665,False,4775.0,11465.0,a4c44c796ee76cd6e45c2eca2b54785cd38e8d16d3d670179c29d76552c241f4,False
194,depth/0194.png,True,True,True,640,480,uint16,1.0,0.8263541666666666,0.17364583333333333,False,4709.0,13114.0,1b00f1a815191a5102c6da517d359f028f8f5d437d93b59a377552dc1bbee7ff,False
195,depth/0195.png,True,True,True,640,480,uint16,1.0,0.8330794270833334,0.16692057291666668,False,4564.0,14913.0,02093be440c85e53c72ff3e34baba2a13cf1a90ad018853a7cf9f914b25a4965,False
196,depth/0196.png,True,True,True,640,480,uint16,1.0,0.8045247395833334,0.19547526041666666,False,4528.0,14913.0,41a0358bd534f5ea0f7c97a47aba75f7211306dfe679ad7fb60bb528ecafc39d,False
197,depth/0197.png,True,True,True,640,480,uint16,1.0,0.792578125,0.207421875,False,4177.0,15175.0,5dd9242125ad948136e3639e3e617d7b14f4afe550c2c3ea9e123ce375124ed9,False
198,depth/0198.png,True,True,True,640,480,uint16,1.0,0.7856282552083333,0.21437174479166668,False,4177.0,15446.0,171aa160bfc32f7b758b229464a85b3f2ad71d0dc00bc5821f3a7cecab0c2091,False
199,depth/0199.png,True,True,True,640,480,uint16,1.0,0.8108919270833334,0.18910807291666668,False,4106.0,15044.0,6cfd36492570b9a8747c495f6984342769ef77c15af65c29e31f2ec0b521bfe7,False
200,depth/0200.png,True,True,True,640,480,uint16,1.0,0.8036458333333333,0.19635416666666666,False,3915.0,14913.0,4ce0587fbfda3997fd3bfd05e1b21b240d8f063da225b9afd72c8013e93875a5,False
201,depth/0201.png,True,True,True,640,480,uint16,1.0,0.7994173177083334,0.20058268229166668,False,3568.0,14541.0,f053195b0906c11816987ebb0f15aa058cb7acd8b2d6d9e8a3a05ea6ffe6b32f,False
202,depth/0202.png,True,True,True,640,480,uint16,1.0,0.7935807291666667,0.20641927083333333,False,3317.0,14300.0,742df3ca9a0f249bba5048439552409adf195b52675e52ea439d1d3c5cf37d47,False
203,depth/0203.png,True,True,True,640,480,uint16,1.0,0.7899544270833333,0.21004557291666667,False,3126.0,14069.0,81cd6aca41e457d46fa28310567f2af660f3d2e601b3ad0ef26a9571813ec789,False
204,depth/0204.png,True,True,True,640,480,uint16,1.0,0.75853515625,0.24146484375,False,2970.0,13521.0,ff745a459cfa5e2f6aad8e21d7c65f194a77ce7aac564fe79e0c525e1e4c3bfb,False
205,depth/0205.png,True,True,True,640,480,uint16,1.0,0.7448795572916667,0.25512044270833334,False,2784.0,13214.0,887f8a55134c76c6b2681990dda566b2c1c6466ebc4311774dacfcf5e21d1fb5,False
206,depth/0206.png,True,True,True,640,480,uint16,1.0,0.7623209635416667,0.23767903645833333,False,2523.0,13415.0,a44c15c57eda24f3a42e62606f65d6bccba330206b1ad847456e1612d1c5e932,False
207,depth/0207.png,True,True,True,640,480,uint16,1.0,0.7375130208333334,0.2624869791666667,False,2392.0,13013.0,ac0052c74a6c6f5234189932c12338dfae84a0543c3e7ff0beeef1e949c78689,False
208,depth/0208.png,True,True,True,640,480,uint16,1.0,0.7492220052083334,0.2507779947916667,False,2352.0,12822.0,4bb455b272dc5808c927a36aa47f6796ca0d51194772c38b81796be07d1de473,False
209,depth/0209.png,True,True,True,640,480,uint16,1.0,0.7512890625,0.2487109375,False,2422.0,12455.0,d697e98449cc5733af5f269d998dba44d4fe572741bf80f6b3c75aac8d25e669,False
210,depth/0210.png,True,True,True,640,480,uint16,1.0,0.77716796875,0.22283203125,False,2548.0,12108.0,bdd25dbab4443295bc6283b8b30a227dad09acbed5bb6949057371175ff8a5bd,False
211,depth/0211.png,True,True,True,640,480,uint16,1.0,0.779775390625,0.220224609375,False,3161.0,12023.0,7f3aadb9a0caf6a7f6ead8d8ecaeda365ff079f18cf103abad23da81198fe42f,False
212,depth/0212.png,True,True,True,640,480,uint16,1.0,0.8027994791666667,0.19720052083333334,False,3488.0,11621.0,e1e86ccbdc61156ebe67bdeec1e3f25829167443d87eb0e18aeae8f29383056f,False
213,depth/0213.png,True,True,True,640,480,uint16,1.0,0.8143815104166666,0.18561848958333332,False,4413.0,11390.0,cc45d3e129853278bdd7a663f9cf45c6332318d6a606028e44f49ff5a41b92b4,False
214,depth/0214.png,True,True,True,640,480,uint16,1.0,0.8163151041666666,0.18368489583333333,False,4398.0,11390.0,71ae286f54bff100e7ef5601737fb1ac818953683947fe7cefbb7d3f9589cfa0,False
215,depth/0215.png,True,True,True,640,480,uint16,1.0,0.8181803385416667,0.18181966145833334,False,4207.0,11319.0,41b723531bd5e4fae1bcf913b67962b1213f4f9f6c510ba22944f9aa5dd40764,False
216,depth/0216.png,True,True,True,640,480,uint16,1.0,0.8172884114583333,0.18271158854166666,False,4096.0,11319.0,aef31eda729381f5b35b859313ae7f912d6c3c5bd05f8a51647d1ed937effeeb,False
217,depth/0217.png,True,True,True,640,480,uint16,1.0,0.8175455729166666,0.18245442708333334,False,4006.0,11319.0,fa19e3997108192c0b8a52716bc25444e72cd20c95fe8d0078491db81cee6cac,False
218,depth/0218.png,True,True,True,640,480,uint16,1.0,0.8171061197916667,0.18289388020833333,False,3905.0,11319.0,3a9635a5ca01d7cc38d570d1214034cd8095b465bb565f6b751ca7328911422c,False
219,depth/0219.png,True,True,True,640,480,uint16,1.0,0.825244140625,0.174755859375,False,4272.0,11098.0,d9527539cf50b8cbd66444a14a14c68cfdab4705db43c9fd5ddcf26bcf474688,False
220,depth/0220.png,True,True,True,640,480,uint16,1.0,0.76197265625,0.23802734375,False,4699.0,10369.0,5d543642647fc7abe08495330e0f04bc721c83faddbf27ed716beae3859ab8d8,False
221,depth/0221.png,True,True,True,640,480,uint16,1.0,0.6928125,0.3071875,False,4981.0,9952.0,6639fa56dd708af541cd80c3f736e99bc6775aae16e24a6258c8ce4f02b6e187,False
222,depth/0222.png,True,True,True,640,480,uint16,1.0,0.69904296875,0.30095703125,False,4830.0,12023.0,2e527ce32ee22ea36126df6b51ffd201e27c147191180a9d934e2e49897f63b3,False
223,depth/0223.png,True,True,True,640,480,uint16,1.0,0.740244140625,0.259755859375,False,4388.0,13842.0,60db8944b4b895ae85ba48cb5b789cc60766a45b36a27d5fe61a819ef97fdccf,False
224,depth/0224.png,True,True,True,640,480,uint16,1.0,0.8053873697916667,0.19461263020833333,False,4217.0,14300.0,f09e88a111da49b2be5ac24131a7a61a210274b90176485086b86bb39345fc17,False
225,depth/0225.png,True,True,True,640,480,uint16,1.0,0.7761653645833333,0.22383463541666668,False,4061.0,14787.0,8cac154c4eedc9a25a9a4063e014320ac826a4ae7b27f852a596058b8bb6be2c,False
226,depth/0226.png,True,True,True,640,480,uint16,1.0,0.7561881510416667,0.24381184895833333,False,4302.0,16165.0,cb2b243046346eb1aa8d5d21826e94d2da082ffed5663c0a0ef01ddd467663e1,False
227,depth/0227.png,True,True,True,640,480,uint16,1.0,0.659599609375,0.340400390625,False,4272.0,17643.0,9c439dfbec9c46e1cbdb3d3a0012b0b1501914fdc4c1e21a79af19c09fb1e952,False
228,depth/0228.png,True,True,True,640,480,uint16,1.0,0.6052083333333333,0.39479166666666665,False,4458.0,18200.0,09a164636edb99318a2f153c9362b52ea9fbb337a2bc5ff45e72aaddc8b85fd0,False
229,depth/0229.png,True,True,True,640,480,uint16,1.0,0.6069173177083333,0.39308268229166665,False,4423.0,17823.0,7772597b6209a1a3c983a6a3bd1489a50d537fa97ee64711521bd41cf07fdf01,False
230,depth/0230.png,True,True,True,640,480,uint16,1.0,0.60541015625,0.39458984375,False,4041.0,18789.0,26707c41c274fd66dbae91e4bc4b26abfe2e3fe486bd46429bc75b711a36fe51,False
231,depth/0231.png,True,True,True,640,480,uint16,1.0,0.570927734375,0.429072265625,False,3820.0,19638.0,b45bafd5ed9e86845d9b883eb32e3682ee05ccccc9f1b4faff7d97835d918dc5,False
232,depth/0232.png,True,True,True,640,480,uint16,1.0,0.5969498697916666,0.40305013020833336,False,3614.0,22433.0,273bee80ed063d55c5ac77ade3f3c26ce6666fc8b28d8fc0f2f99098385ecd63,False
233,depth/0233.png,True,True,True,640,480,uint16,1.0,0.7035677083333334,0.2964322916666667,False,3769.0,23981.0,702c2e425553fe2529ebdf761b4129e865e444d6882724880abb22e1ccee123e,False
234,depth/0234.png,True,True,True,640,480,uint16,1.0,0.684306640625,0.315693359375,False,3845.0,17291.0,181fbe1069617606999e68a48840c61d93f8f50417da4ec9cb8e338326838fba,False
235,depth/0235.png,True,True,True,640,480,uint16,1.0,0.6800748697916666,0.31992513020833335,False,3729.0,14300.0,719cd5fe9e9ed90628dda75a58db5bd180491fdc8e39de3e65d4f3d155fd302b,False
236,depth/0236.png,True,True,True,640,480,uint16,1.0,0.672431640625,0.327568359375,False,3533.0,14184.0,393e1b034c9f268424d36aab10fc7dee2d0d6ccebb9a0e12d93c088948228bef,False
237,depth/0237.png,True,True,True,640,480,uint16,1.0,0.6919010416666667,0.30809895833333334,False,3553.0,14300.0,e0c0da6bde7d32138028f5235c58e2a1b31c1b603047bde491031900644e3b4d,False
238,depth/0238.png,True,True,True,640,480,uint16,1.0,0.6858951822916667,0.3141048177083333,False,3795.0,14662.0,7635988e9e461d40182a5ed333e95cd853df9da2102338b6d9c7bc4cd8ce3a04,False
239,depth/0239.png,True,True,True,640,480,uint16,1.0,0.7010774739583333,0.2989225260416667,False,3302.0,12918.0,cfe5181b4826f8c0a783aa8c6d935fb7cda0c6d35dd90c400a3b2df2c2401c4d,False
240,depth/0240.png,True,True,True,640,480,uint16,1.0,0.7053255208333333,0.29467447916666667,False,3448.0,14662.0,2dcc0ddcfaffa4e6b037eeba1b2b4695637405f184bf373655a079fc4f048ebb,False
241,depth/0241.png,True,True,True,640,480,uint16,1.0,0.7132975260416666,0.2867024739583333,False,3558.0,14913.0,14f91375ce65e5e04f586d109de8383f05b9b0751c0e047efffa832910c59baf,False
242,depth/0242.png,True,True,True,640,480,uint16,1.0,0.712626953125,0.287373046875,False,3704.0,15044.0,7865224a305bbf7f6d452b727597d289236f26ce76038f03f4abb3e3da6e47fb,False
243,depth/0243.png,True,True,True,640,480,uint16,1.0,0.709580078125,0.290419921875,False,3744.0,14662.0,53d6e12f7448d6711e587e10c77ccbe3c4ba4a331585bc787cb733eb5887df0a,False
244,depth/0244.png,True,True,True,640,480,uint16,1.0,0.701474609375,0.298525390625,False,3880.0,15044.0,f99bc8b0acc53d070fd9841faca704c90766bfebcf10aa50dde707607eac311c,False
245,depth/0245.png,True,True,True,640,480,uint16,1.0,0.70388671875,0.29611328125,False,3845.0,16793.0,cc412d9f0bd4eca31ce7584822588aac103a5c0a60ba016f0ca34fd7f9d06309,False
246,depth/0246.png,True,True,True,640,480,uint16,1.0,0.6934928385416667,0.30650716145833334,False,3810.0,15310.0,efd6d9f07cd874fd579dfa76cec550a513d0d229fcce2340d5f29c4e991be4e2,False
247,depth/0247.png,True,True,True,640,480,uint16,1.0,0.6928678385416667,0.30713216145833333,False,3674.0,15310.0,8b365d1dfef1dcdb1ae591fc3c2e569b04767fdb6aee080fe1e536a4956dee7f,False
248,depth/0248.png,True,True,True,640,480,uint16,1.0,0.7107356770833333,0.28926432291666665,False,3518.0,15175.0,723516b971fcf7da809b420fa04568af8bdb8de79252ef65e414ad44540244cc,False
249,depth/0249.png,True,True,True,640,480,uint16,1.0,0.7249186197916667,0.27508138020833334,False,3448.0,14913.0,46f551e81fc42aa28e8724ed9d994a68d983f1a4bdc53525c9a73babb61ed01c,False
250,depth/0250.png,True,True,True,640,480,uint16,1.0,0.746259765625,0.253740234375,False,3322.0,14421.0,67af8cdf71452e42dfb138abba712a74eafb3622bab72c0bae7c0784ea5f075e,False
251,depth/0251.png,True,True,True,640,480,uint16,1.0,0.7672233072916667,0.23277669270833334,False,3146.0,13842.0,78073cadf45a1cf512bb0b2febc2d8bd2f8eab82f90041bae82595b058921621,False
252,depth/0252.png,True,True,True,640,480,uint16,1.0,0.7880110677083333,0.21198893229166665,False,2935.0,12636.0,004fffc67644f8103e24c908795f7c743c638cc6d5bd695c93f97463b5a36bf2,False
253,depth/0253.png,True,True,True,640,480,uint16,1.0,0.7964615885416667,0.20353841145833335,False,2729.0,7313.0,241539cc829b5bd323a68e96d134af444eb7afc3c7779e9fe6a52723f72358e8,False
254,depth/0254.png,True,True,True,640,480,uint16,1.0,0.7616569010416666,0.23834309895833333,False,2769.0,6961.0,bb4452d42a209056429371bcaa98cc4cc92c397b4cb46de6b37a0baa736083a7,False
255,depth/0255.png,True,True,True,640,480,uint16,1.0,0.7519205729166667,0.24807942708333333,False,2784.0,6715.0,908c3f446d588460604afb95b66e87af5749537850763c105031c609b4959d70,False
256,depth/0256.png,True,True,True,640,480,uint16,1.0,0.7352180989583333,0.26478190104166666,False,2850.0,6770.0,97ee12cb21b78f0f3eb184780e9da529f8a350939706164de97d7e250dbd8ae4,False
257,depth/0257.png,True,True,True,640,480,uint16,1.0,0.802490234375,0.197509765625,False,2960.0,7162.0,7a911bf6be703e20ab80d8de065efb7a6bffc37d232dd920e5e46d02b218fda8,False
258,depth/0258.png,True,True,True,640,480,uint16,1.0,0.7760546875,0.2239453125,False,3071.0,15310.0,5e3ce71282545d3f99bc1b78f418f51038de93ba7c5d6c07ba0f0193c673eac1,False
259,depth/0259.png,True,True,True,640,480,uint16,1.0,0.7537434895833334,0.24625651041666666,False,3583.0,16165.0,a952b8eb6ebeaea3967e3181c143746bb3f70c7eb40dff11457b36c967df4f1f,False
260,depth/0260.png,True,True,True,640,480,uint16,1.0,0.6931184895833333,0.30688151041666667,False,4166.0,15727.0,bba4e23e186463452ce812d14d1875ef998731817dfe326a393a9a03b0ac5c71,False
261,depth/0261.png,True,True,True,640,480,uint16,1.0,0.5793717447916666,0.42062825520833336,False,4709.0,15727.0,eb8b89b3ef070c979a28cd1cfed8c71897ef1648e680478add119986f0b57291,False
262,depth/0262.png,True,True,True,640,480,uint16,1.0,0.5734993489583333,0.4265006510416667,False,4528.0,15868.0,577e3c3b0f5919971552616d3eec9ba41cdcfda4604786d1e03920e05de04382,False
263,depth/0263.png,True,True,True,640,480,uint16,1.0,0.5913313802083333,0.4086686197916667,False,4388.0,15587.0,da28a2ddcf1189e180d61146c97e00aa43d1fe8e180cd5becf5de8cfd3efa9dd,False
264,depth/0264.png,True,True,True,640,480,uint16,1.0,0.5873502604166667,0.41264973958333334,False,4493.0,15310.0,b72794a62f1c2bd07a966fc379bf1996db114b23322c3fc1c94773482b1f4031,False
265,depth/0265.png,True,True,True,640,480,uint16,1.0,0.6334440104166666,0.36655598958333335,False,3940.0,14662.0,de5d555de83f15664000f61cf7bc25446901a61df9dc0b8761d5a5404e7bd2e8,False
266,depth/0266.png,True,True,True,640,480,uint16,1.0,0.6963248697916666,0.3036751302083333,False,3759.0,15044.0,c15645173028f1192b20316571d186b321568b62678ce34152d9cf8ca5e24ed1,False
267,depth/0267.png,True,True,True,640,480,uint16,1.0,0.73880859375,0.26119140625,False,3538.0,15868.0,5b1ac8815f4e782bc77f606be38457a97498fdb204f58dcb0d99afd236b0c720,False
268,depth/0268.png,True,True,True,640,480,uint16,1.0,0.76478515625,0.23521484375,False,3141.0,15868.0,e461f90ad146d255d319310ea731769a570d450d79e4b74c8ca960f5dbc23940,False
269,depth/0269.png,True,True,True,640,480,uint16,1.0,0.7833138020833333,0.21668619791666666,False,3181.0,13737.0,3ef99960607ded1a59f6872cf51c88dc3a8125dbbe71b0806b281c564213ed45,False
270,depth/0270.png,True,True,True,640,480,uint16,1.0,0.8017545572916667,0.19824544270833333,False,3030.0,13521.0,478b5878d1b9daff9abb79cc709b34277b672a8eb9b1a6e6e32a453df328ab28,False
271,depth/0271.png,True,True,True,640,480,uint16,1.0,0.7909147135416666,0.20908528645833332,False,2875.0,13114.0,7407d44dc3383143ae38729a00b8f385c133ff23e11521bc7ac53e65a6b61d5b,False
272,depth/0272.png,True,True,True,640,480,uint16,1.0,0.7916731770833333,0.20832682291666665,False,2724.0,12918.0,9d86a32d8677218e1bce74000b1b390c3453de707d6ececccf5c2ad0a2d3c28b,False
273,depth/0273.png,True,True,True,640,480,uint16,1.0,0.8111588541666667,0.18884114583333333,False,2623.0,12365.0,c114f7e818083b5cb6ae9615602a14b25eac8edca16d10d93764fde28f44423b,False
274,depth/0274.png,True,True,True,640,480,uint16,1.0,0.8124283854166666,0.18757161458333332,False,2638.0,11857.0,14552f1469d9c77e3909d2db8404eebeced1f8a193a0aed4a3dff60a58eabaf5,False
275,depth/0275.png,True,True,True,640,480,uint16,1.0,0.826923828125,0.173076171875,False,2638.0,12023.0,2f228a90bbe79e7bf44d771e4d3b6bbdc7c5ea1dc09a1eba7204ad40faa5b501,False
276,depth/0276.png,True,True,True,640,480,uint16,1.0,0.8183365885416667,0.18166341145833334,False,2548.0,12023.0,6ff9b30269e9489e58f5cbce2e2c1619d38dc7a26b9e9da70aaeccdc05d719b3,False
277,depth/0277.png,True,True,True,640,480,uint16,1.0,0.7825227864583333,0.21747721354166666,False,2925.0,11857.0,3e33a9b30172a86f4d8f2df0ad6eb020133d7894801f18591af064a89c632bdb,False
278,depth/0278.png,True,True,True,640,480,uint16,1.0,0.7346614583333333,0.26533854166666665,False,3051.0,16632.0,cbdbc3b19da8be9e04b76f39f6046c66a68bb9e6abf6d70d0a287baca26724d4,False
279,depth/0279.png,True,True,True,640,480,uint16,1.0,0.7125130208333333,0.28748697916666666,False,3352.0,17643.0,12f84490c6a883970c22fd4698c8babc106da56035dd9728f60babb6136761ff,False
280,depth/0280.png,True,True,True,640,480,uint16,1.0,0.7129817708333334,0.2870182291666667,False,3468.0,18391.0,f7ba49362f2791aed27837330e3794dd31340e1e30953f35c2ac4560475a1841,False
281,depth/0281.png,True,True,True,640,480,uint16,1.0,0.716396484375,0.283603515625,False,3448.0,18789.0,7ffb0426af6fe4b92fcc3ac9ef2bce51a6d640501cdf7437ab3b595e7e7f10d3,False
282,depth/0282.png,True,True,True,640,480,uint16,1.0,0.70994140625,0.29005859375,False,3503.0,18789.0,320f936dd997e8d5dce564aae99037588e824dd92c77b49e3976d47129586d8b,False
283,depth/0283.png,True,True,True,640,480,uint16,1.0,0.7066341145833334,0.2933658854166667,False,3614.0,18789.0,d0e83ecbf6c1644787d4ef24fa43661d52f19625591d699f6bdb65bb34608394,False
284,depth/0284.png,True,True,True,640,480,uint16,1.0,0.72435546875,0.27564453125,False,3588.0,18391.0,d0f7b782390183aa4aaab158457f524fe59d637397751d0addc7811bfdfffaa4,False
285,depth/0285.png,True,True,True,640,480,uint16,1.0,0.738046875,0.261953125,False,3483.0,18009.0,3c515143905b4c568c6b056fc14b27b458fd6cca531de9c5f04c1e2cc374c5e8,False
286,depth/0286.png,True,True,True,640,480,uint16,1.0,0.7443880208333333,0.25561197916666667,False,3503.0,16632.0,03b6f4f31a3b9e7634c467be4757d3c2727c7be073b1216562783ad14385a0f3,False
287,depth/0287.png,True,True,True,640,480,uint16,1.0,0.7347786458333333,0.26522135416666665,False,3508.0,14300.0,ef0b7b836ce91fbe294a945e7e1c77b18cef1c107df1a99f822f575db70cb53b,False
288,depth/0288.png,True,True,True,640,480,uint16,1.0,0.725341796875,0.274658203125,False,3604.0,14541.0,dbdeada82cac7b16c5223eb5d8e3bcd5be704cb3a600c9b287edf1c7b5c7ad83,False
289,depth/0289.png,True,True,True,640,480,uint16,1.0,0.7373567708333333,0.26264322916666666,False,3614.0,14300.0,970c1c1118efb355522899b3c50d75d27686aa8df2f63064371fb5e504906220,False
290,depth/0290.png,True,True,True,640,480,uint16,1.0,0.7336751302083333,0.26632486979166664,False,3734.0,15175.0,1c79c8fd57a72ce19b0ae0f09a4cd925e24c23100b56fe3d7bfe3e19dc2e20e8,False
291,depth/0291.png,True,True,True,640,480,uint16,1.0,0.7204720052083333,0.2795279947916667,False,3779.0,14421.0,8fd385d451aa6aca47411ae882779cf11300d7df0a0033c5adeb32d78417ab6f,False
292,depth/0292.png,True,True,True,640,480,uint16,1.0,0.7274544270833333,0.27254557291666665,False,3754.0,16165.0,e16a4ab9abd09e98ec2132c5e713cc00c595a36dfb0ad9fc4e1797ab9de86bd8,False
293,depth/0293.png,True,True,True,640,480,uint16,1.0,0.7553385416666667,0.24466145833333333,False,3664.0,14662.0,33443fa0c77f781c0b5e4a0e0b1d964fb3e3e15f9851da901fd0565305def291,False
294,depth/0294.png,True,True,True,640,480,uint16,1.0,0.7644694010416667,0.23553059895833334,False,3634.0,14662.0,05265ff18cb1cd845ca84b742af271234a50e8536edda937205f436439a739b5,False
295,depth/0295.png,True,True,True,640,480,uint16,1.0,0.7598763020833333,0.24012369791666666,False,3619.0,14662.0,b3ae4b16b328a17cdd481694fde92f66f28df99f20ea86a8221a02f0c841df95,False
296,depth/0296.png,True,True,True,640,480,uint16,1.0,0.7496842447916666,0.2503157552083333,False,3634.0,14662.0,1e573603b76fd3334901c0f6db59752ad50fbdda1e6cfb0e0f1ce7dd61d7399e,False
297,depth/0297.png,True,True,True,640,480,uint16,1.0,0.745576171875,0.254423828125,False,3644.0,14787.0,7b7313d3ebd5524067128b9cfc9b266041e887d8a5f5cf137c65c4d5af5eb01a,False
298,depth/0298.png,True,True,True,640,480,uint16,1.0,0.7518033854166667,0.24819661458333334,False,3674.0,14787.0,84dc39bcbbfbe0f7eb992528b80b3262fd043a22807c8ec6682897116e63ff9e,False
299,depth/0299.png,True,True,True,640,480,uint16,1.0,0.7490690104166666,0.2509309895833333,False,3674.0,14787.0,49cc656d70b56be3a58c2f8876a9ecbcb5b0e8cdf152f43d299ffc84a05aa0df,False
